"sample_ID","merged_sample_name","Read1_file","Long_name","Species","Collection_purchase_date","Label (13C)","Day","Replicate","TNA_ext_Date","TNA ext. batch","RNA (ng/ul)","Volume per gradient (ul)","PCR date","PCR batch","PCR_ID","Sample no.","Fraction no.","Control","16S_copies (diluted RNA)","16S_copies (undiluted RNA)","Density (nD-TC)","Density (g ml-1)"
"EP_CON_D14_10","Roey067-E3-10_S227","Roey067-E3-10_S227_L001_R1_001_noPrimers.fastq.gz","Epibolus control Day 14","Epibolus pulchripes","30/05/2020","Unlabelled","14","1","05-11-2020","3","422","1.18","14.12.2021, 13.1.2021,14.1.2021","1","E3_10","21","10","FALSE","114054.06","17108109","1.3714","1.7534"
"EP_CON_D14_11","Roey075-E3-11_S235","Roey075-E3-11_S235_L001_R1_001_noPrimers.fastq.gz","Epibolus control Day 14","Epibolus pulchripes","30/05/2020","Unlabelled","14","1","05-11-2020","3","422","1.18","14.12.2021, 13.1.2021,14.1.2021","1","E3_11","21","11","FALSE","9013.54","1352031","1.3710","1.7407"
"EP_CON_D14_2","Roey003-E3-2_S163","Roey003-E3-2_S163_L001_R1_001_noPrimers.fastq.gz","Epibolus control Day 14","Epibolus pulchripes","30/05/2020","Unlabelled","14","1","05-11-2020","3","422","1.18","15.1.2021","2","E3_2","21","2","FALSE","4091.36","613703","1.3741","1.8389"
"EP_CON_D14_3","Roey011-E3-3_S171","Roey011-E3-3_S171_L001_R1_001_noPrimers.fastq.gz","Epibolus control Day 14","Epibolus pulchripes","30/05/2020","Unlabelled","14","1","05-11-2020","3","422","1.18","15.1.2021","2","E3_3","21","3","FALSE","6645.59","996838","1.3737","1.8262"
"EP_CON_D14_4","Roey019-E3-4_S179","Roey019-E3-4_S179_L001_R1_001_noPrimers.fastq.gz","Epibolus control Day 14","Epibolus pulchripes","30/05/2020","Unlabelled","14","1","05-11-2020","3","422","1.18","14.12.2021, 13.1.2021,14.1.2021","1","E3_4","21","4","FALSE","24890.01","3733501","1.3734","1.8167"
"EP_CON_D14_5","Roey027-E3-5_S187","Roey027-E3-5_S187_L001_R1_001_noPrimers.fastq.gz","Epibolus control Day 14","Epibolus pulchripes","30/05/2020","Unlabelled","14","1","05-11-2020","3","422","1.18","14.12.2021, 13.1.2021,14.1.2021","1","E3_5","21","5","FALSE","295182.38","44277356","1.3730","1.8041"
"EP_CON_D14_6","Roey035-E3-6_S195","Roey035-E3-6_S195_L001_R1_001_noPrimers.fastq.gz","Epibolus control Day 14","Epibolus pulchripes","30/05/2020","Unlabelled","14","1","05-11-2020","3","422","1.18","14.12.2021, 13.1.2021,14.1.2021","1","E3_6","21","6","FALSE","2542498.25","381374738","1.3727","1.7946"
"EP_CON_D14_7","Roey043-E3-7_S203","Roey043-E3-7_S203_L001_R1_001_noPrimers.fastq.gz","Epibolus control Day 14","Epibolus pulchripes","30/05/2020","Unlabelled","14","1","05-11-2020","3","422","1.18","14.12.2021, 13.1.2021,14.1.2021","1","E3_7","21","7","FALSE","2923268.5","438490275","1.3724","1.7851"
"EP_CON_D14_8","Roey051-E3-8_S211","Roey051-E3-8_S211_L001_R1_001_noPrimers.fastq.gz","Epibolus control Day 14","Epibolus pulchripes","30/05/2020","Unlabelled","14","1","05-11-2020","3","422","1.18","14.12.2021, 13.1.2021,14.1.2021","1","E3_8","21","8","FALSE","1546259.5","231938925","1.3721","1.7756"
"EP_CON_D14_9","Roey059-E3-9_S219","Roey059-E3-9_S219_L001_R1_001_noPrimers.fastq.gz","Epibolus control Day 14","Epibolus pulchripes","30/05/2020","Unlabelled","14","1","05-11-2020","3","422","1.18","14.12.2021, 13.1.2021,14.1.2021","1","E3_9","21","9","FALSE","293954.81","44093222","1.3717","1.7629"
"EP_CON_D3_10","Roey065-E1-10_S225","Roey065-E1-10_S225_L001_R1_001_noPrimers.fastq.gz","Epibolus control Day 3","Epibolus pulchripes","30/05/2020","Unlabelled","3","1","05-11-2020","3","180","2.78","14.12.2021, 13.1.2021,14.1.2021","1","E1_10","19","10","FALSE","1525782","22886730","1.3714","1.7534"
"EP_CON_D3_11","Roey073-E1-11_S233","Roey073-E1-11_S233_L001_R1_001_noPrimers.fastq.gz","Epibolus control Day 3","Epibolus pulchripes","30/05/2020","Unlabelled","3","1","05-11-2020","3","180","2.78","14.12.2021, 13.1.2021,14.1.2021","1","E1_11","19","11","FALSE","2681051.5","40215773","1.3711","1.7439"
"EP_CON_D3_2","Roey001-E1-2_S161","Roey001-E1-2_S161_L001_R1_001_noPrimers.fastq.gz","Epibolus control Day 3","Epibolus pulchripes","30/05/2020","Unlabelled","3","1","05-11-2020","3","180","2.78","15.1.2021","2","E1_2","19","2","FALSE","5794.43","86916","1.3740","1.8357"
"EP_CON_D3_3","Roey009-E1-3_S169","Roey009-E1-3_S169_L001_R1_001_noPrimers.fastq.gz","Epibolus control Day 3","Epibolus pulchripes","30/05/2020","Unlabelled","3","1","05-11-2020","3","180","2.78","15.1.2021","2","E1_3","19","3","FALSE","3317.77","49766","1.3737","1.8262"
"EP_CON_D3_4","Roey017-E1-4_S177","Roey017-E1-4_S177_L001_R1_001_noPrimers.fastq.gz","Epibolus control Day 3","Epibolus pulchripes","30/05/2020","Unlabelled","3","1","05-11-2020","3","180","2.78","14.12.2021, 13.1.2021,14.1.2021","1","E1_4","19","4","FALSE","48928.25","733924","1.3733","1.8135"
"EP_CON_D3_5","Roey025-E1-5_S185","Roey025-E1-5_S185_L001_R1_001_noPrimers.fastq.gz","Epibolus control Day 3","Epibolus pulchripes","30/05/2020","Unlabelled","3","1","05-11-2020","3","180","2.78","14.12.2021, 13.1.2021,14.1.2021","1","E1_5","19","5","FALSE","2764965.5","41474483","1.3730","1.8041"
"EP_CON_D3_6","Roey033-E1-6_S193","Roey033-E1-6_S193_L001_R1_001_noPrimers.fastq.gz","Epibolus control Day 3","Epibolus pulchripes","30/05/2020","Unlabelled","3","1","05-11-2020","3","180","2.78","14.12.2021, 13.1.2021,14.1.2021","1","E1_6","19","6","FALSE","39155076","587326140","1.3727","1.7946"
"EP_CON_D3_7","Roey041-E1-7_S201","Roey041-E1-7_S201_L001_R1_001_noPrimers.fastq.gz","Epibolus control Day 3","Epibolus pulchripes","30/05/2020","Unlabelled","3","1","05-11-2020","3","180","2.78","14.12.2021, 13.1.2021,14.1.2021","1","E1_7","19","7","FALSE","55576216","833643240","1.3724","1.7851"
"EP_CON_D3_8","Roey049-E1-8_S209","Roey049-E1-8_S209_L001_R1_001_noPrimers.fastq.gz","Epibolus control Day 3","Epibolus pulchripes","30/05/2020","Unlabelled","3","1","05-11-2020","3","180","2.78","14.12.2021, 13.1.2021,14.1.2021","1","E1_8","19","8","FALSE","36583432","548751480","1.3720","1.7724"
"EP_CON_D3_9","Roey057-E1-9_S217","Roey057-E1-9_S217_L001_R1_001_noPrimers.fastq.gz","Epibolus control Day 3","Epibolus pulchripes","30/05/2020","Unlabelled","3","1","05-11-2020","3","180","2.78","14.12.2021, 13.1.2021,14.1.2021","1","E1_9","19","9","FALSE","4355454.5","65331818","1.3717","1.7629"
"EP_CON_D7_10","Roey066-E2-10_S226","Roey066-E2-10_S226_L001_R1_001_noPrimers.fastq.gz","Epibolus control Day 7","Epibolus pulchripes","30/05/2020","Unlabelled","7","1","05-11-2020","3","243","2","14.12.2021, 13.1.2021,14.1.2021","1","E2_10","20","10","FALSE","413595.06","6203926","1.3715","1.7566"
"EP_CON_D7_11","Roey074-E2-11_S234","Roey074-E2-11_S234_L001_R1_001_noPrimers.fastq.gz","Epibolus control Day 7","Epibolus pulchripes","30/05/2020","Unlabelled","7","1","05-11-2020","3","243","2","14.12.2021, 13.1.2021,14.1.2021","1","E2_11","20","11","FALSE","372571.88","5588578","1.3712","1.7471"
"EP_CON_D7_2","Roey002-E2-2_S162","Roey002-E2-2_S162_L001_R1_001_noPrimers.fastq.gz","Epibolus control Day 7","Epibolus pulchripes","30/05/2020","Unlabelled","7","1","05-11-2020","3","243","2","15.1.2021","2","E2_2","20","2","FALSE","13620.71","204311","1.3740","1.8357"
"EP_CON_D7_3","Roey010-E2-3_S170","Roey010-E2-3_S170_L001_R1_001_noPrimers.fastq.gz","Epibolus control Day 7","Epibolus pulchripes","30/05/2020","Unlabelled","7","1","05-11-2020","3","243","2","15.1.2021","2","E2_3","20","3","FALSE","3743.77","56157","1.3737","1.8262"
"EP_CON_D7_4","Roey018-E2-4_S178","Roey018-E2-4_S178_L001_R1_001_noPrimers.fastq.gz","Epibolus control Day 7","Epibolus pulchripes","30/05/2020","Unlabelled","7","1","05-11-2020","3","243","2","14.12.2021, 13.1.2021,14.1.2021","1","E2_4","20","4","FALSE","141909.13","2128637","1.3734","1.8167"
"EP_CON_D7_5","Roey026-E2-5_S186","Roey026-E2-5_S186_L001_R1_001_noPrimers.fastq.gz","Epibolus control Day 7","Epibolus pulchripes","30/05/2020","Unlabelled","7","1","05-11-2020","3","243","2","14.12.2021, 13.1.2021,14.1.2021","1","E2_5","20","5","FALSE","794050.63","11910759","1.3730","1.8041"
"EP_CON_D7_6","Roey034-E2-6_S194","Roey034-E2-6_S194_L001_R1_001_noPrimers.fastq.gz","Epibolus control Day 7","Epibolus pulchripes","30/05/2020","Unlabelled","7","1","05-11-2020","3","243","2","14.12.2021, 13.1.2021,14.1.2021","1","E2_6","20","6","FALSE","23013426","345201390","1.3727","1.7946"
"EP_CON_D7_7","Roey042-E2-7_S202","Roey042-E2-7_S202_L001_R1_001_noPrimers.fastq.gz","Epibolus control Day 7","Epibolus pulchripes","30/05/2020","Unlabelled","7","1","05-11-2020","3","243","2","14.12.2021, 13.1.2021,14.1.2021","1","E2_7","20","7","FALSE","26610288","399154320","1.3724","1.7851"
"EP_CON_D7_8","Roey050-E2-8_S210","Roey050-E2-8_S210_L001_R1_001_noPrimers.fastq.gz","Epibolus control Day 7","Epibolus pulchripes","30/05/2020","Unlabelled","7","1","05-11-2020","3","243","2","14.12.2021, 13.1.2021,14.1.2021","1","E2_8","20","8","FALSE","32098436","481476540","1.3721","1.7756"
"EP_CON_D7_9","Roey058-E2-9_S218","Roey058-E2-9_S218_L001_R1_001_noPrimers.fastq.gz","Epibolus control Day 7","Epibolus pulchripes","30/05/2020","Unlabelled","7","1","05-11-2020","3","243","2","14.12.2021, 13.1.2021,14.1.2021","1","E2_9","20","9","FALSE","10229751","153446265","1.3718","1.7661"
"EP_D14_A_10","Roey153-4-10_S146","Roey153-4-10_S146_L001_R1_001_noPrimers.fastq.gz","Epibolus pulchripes Day 14 replicate 1","Epibolus pulchripes","30/05/2020","Labelled","14","1","23/10/2020","1","331","1.51","14.12.2020, 13.1.2021, 14.1.2021","1","4_10","4","10","FALSE","74172.37","11125855","1.3714","1.7534"
"EP_D14_A_11","Roey161-4-11_S154","Roey161-4-11_S154_L001_R1_001_noPrimers.fastq.gz","Epibolus pulchripes Day 14 replicate 1","Epibolus pulchripes","30/05/2020","Labelled","14","1","23/10/2020","1","331","1.51","14.12.2020, 13.1.2021, 14.1.2021","1","4_11","4","11","FALSE","47611.36","7141704","1.3710","1.7407"
"EP_D14_A_2","Roey089-4-2_S82","Roey089-4-2_S82_L001_R1_001_noPrimers.fastq.gz","Epibolus pulchripes Day 14 replicate 1","Epibolus pulchripes","30/05/2020","Labelled","14","1","23/10/2020","1","331","1.51","14.1.2021","1","4_2","4","2","FALSE","21105.09","3165763","1.3740","1.8357"
"EP_D14_A_3","Roey097-4-3_S90","Roey097-4-3_S90_L001_R1_001_noPrimers.fastq.gz","Epibolus pulchripes Day 14 replicate 1","Epibolus pulchripes","30/05/2020","Labelled","14","1","23/10/2020","1","331","1.51","14.1.2021","1","4_3","4","3","FALSE","285980.97","42897145","1.3737","1.8262"
"EP_D14_A_4","Roey105-4-4_S98","Roey105-4-4_S98_L001_R1_001_noPrimers.fastq.gz","Epibolus pulchripes Day 14 replicate 1","Epibolus pulchripes","30/05/2020","Labelled","14","1","23/10/2020","1","331","1.51","14.12.2020, 13.1.2021, 14.1.2021","1","4_4","4","4","FALSE","1971670.5","295750575","1.3733","1.8135"
"EP_D14_A_5","Roey113-4-5_S106","Roey113-4-5_S106_L001_R1_001_noPrimers.fastq.gz","Epibolus pulchripes Day 14 replicate 1","Epibolus pulchripes","30/05/2020","Labelled","14","1","23/10/2020","1","331","1.51","14.12.2020, 13.1.2021, 14.1.2021","1","4_5","4","5","FALSE","746445.88","111966881","1.3730","1.8041"
"EP_D14_A_6","Roey121-4-6_S114","Roey121-4-6_S114_L001_R1_001_noPrimers.fastq.gz","Epibolus pulchripes Day 14 replicate 1","Epibolus pulchripes","30/05/2020","Labelled","14","1","23/10/2020","1","331","1.51","14.12.2020, 13.1.2021, 14.1.2021","1","4_6","4","6","FALSE","1665337.75","249800663","1.3727","1.7946"
"EP_D14_A_7","Roey129-4-7_S122","Roey129-4-7_S122_L001_R1_001_noPrimers.fastq.gz","Epibolus pulchripes Day 14 replicate 1","Epibolus pulchripes","30/05/2020","Labelled","14","1","23/10/2020","1","331","1.51","14.12.2020, 13.1.2021, 14.1.2021","1","4_7","4","7","FALSE","416102.03","62415305","1.3724","1.7851"
"EP_D14_A_8","Roey137-4-8_S130","Roey137-4-8_S130_L001_R1_001_noPrimers.fastq.gz","Epibolus pulchripes Day 14 replicate 1","Epibolus pulchripes","30/05/2020","Labelled","14","1","23/10/2020","1","331","1.51","14.12.2020, 13.1.2021, 14.1.2021","1","4_8","4","8","FALSE","334855.5","50228325","1.3721","1.7756"
"EP_D14_A_9","Roey145-4-9_S138","Roey145-4-9_S138_L001_R1_001_noPrimers.fastq.gz","Epibolus pulchripes Day 14 replicate 1","Epibolus pulchripes","30/05/2020","Labelled","14","1","23/10/2020","1","331","1.51","14.12.2020, 13.1.2021, 14.1.2021","1","4_9","4","9","FALSE","262347.63","39352144","1.3717","1.7629"
"EP_D14_B_10","Roey154-5-10_S147","Roey154-5-10_S147_L001_R1_001_noPrimers.fastq.gz","Epibolus pulchripes Day 14 replicate 2","Epibolus pulchripes","30/05/2020","Labelled","14","2","23/10/2020","1","284","1.76","14.12.2020, 13.1.2021","1","5_10","5","10","FALSE","63363.67","9504551","1.3711","1.7439"
"EP_D14_B_11","Roey162-5-11_S155","Roey162-5-11_S155_L001_R1_001_noPrimers.fastq.gz","Epibolus pulchripes Day 14 replicate 2","Epibolus pulchripes","30/05/2020","Labelled","14","2","23/10/2020","1","284","1.76","14.12.2020, 13.1.2021","1","5_11","5","11","FALSE","93000.44","13950066","1.3708","1.7344"
"EP_D14_B_2","Roey090-5-2_S83","Roey090-5-2_S83_L001_R1_001_noPrimers.fastq.gz","Epibolus pulchripes Day 14 replicate 2","Epibolus pulchripes","30/05/2020","Labelled","14","2","23/10/2020","1","284","1.76","14.1.2021","1","5_2","5","2","FALSE","350282.56","52542384","1.3738","1.8294"
"EP_D14_B_3","Roey098-5-3_S91","Roey098-5-3_S91_L001_R1_001_noPrimers.fastq.gz","Epibolus pulchripes Day 14 replicate 2","Epibolus pulchripes","30/05/2020","Labelled","14","2","23/10/2020","1","284","1.76","14.1.2021","1","5_3","5","3","FALSE","1334662.88","200199431","1.3734","1.8167"
"EP_D14_B_4","Roey106-5-4_S99","Roey106-5-4_S99_L001_R1_001_noPrimers.fastq.gz","Epibolus pulchripes Day 14 replicate 2","Epibolus pulchripes","30/05/2020","Labelled","14","2","23/10/2020","1","284","1.76","14.12.2020, 13.1.2021","1","5_4","5","4","FALSE","2609391","391408650","1.3731","1.8072"
"EP_D14_B_5","Roey114-5-5_S107","Roey114-5-5_S107_L001_R1_001_noPrimers.fastq.gz","Epibolus pulchripes Day 14 replicate 2","Epibolus pulchripes","30/05/2020","Labelled","14","2","23/10/2020","1","284","1.76","14.12.2020, 13.1.2021","1","5_5","5","5","FALSE","4450415","667562250","1.3728","1.7977"
"EP_D14_B_6","Roey122-5-6_S115","Roey122-5-6_S115_L001_R1_001_noPrimers.fastq.gz","Epibolus pulchripes Day 14 replicate 2","Epibolus pulchripes","30/05/2020","Labelled","14","2","23/10/2020","1","284","1.76","14.12.2020, 13.1.2021","1","5_6","5","6","FALSE","3069403","460410450","1.3724","1.7851"
"EP_D14_B_7","Roey130-5-7_S123","Roey130-5-7_S123_L001_R1_001_noPrimers.fastq.gz","Epibolus pulchripes Day 14 replicate 2","Epibolus pulchripes","30/05/2020","Labelled","14","2","23/10/2020","1","284","1.76","14.12.2020, 13.1.2021","1","5_7","5","7","FALSE","624274.88","93641231","1.3721","1.7756"
"EP_D14_B_8","Roey138-5-8_S131","Roey138-5-8_S131_L001_R1_001_noPrimers.fastq.gz","Epibolus pulchripes Day 14 replicate 2","Epibolus pulchripes","30/05/2020","Labelled","14","2","23/10/2020","1","284","1.76","14.12.2020, 13.1.2021","1","5_8","5","8","FALSE","283810.16","42571523","1.3718","1.7661"
"EP_D14_B_9","Roey146-5-9_S139","Roey146-5-9_S139_L001_R1_001_noPrimers.fastq.gz","Epibolus pulchripes Day 14 replicate 2","Epibolus pulchripes","30/05/2020","Labelled","14","2","23/10/2020","1","284","1.76","14.12.2020, 13.1.2021","1","5_9","5","9","FALSE","58244.46","8736669","1.3715","1.7566"
"EP_D14_C_1","Roey091-6-1_S84","Roey091-6-1_S84_L001_R1_001_noPrimers.fastq.gz","Epibolus pulchripes Day 14 replicate 3","Epibolus pulchripes","30/05/2020","Labelled","14","3","23/10/2020","1","320","1.56","15.1.2021","2","6_1","6","1","FALSE","1657.88","248683","1.3740","1.8357"
"EP_D14_C_10","Roey163-6-10_S156","Roey163-6-10_S156_L001_R1_001_noPrimers.fastq.gz","Epibolus pulchripes Day 14 replicate 3","Epibolus pulchripes","30/05/2020","Labelled","14","3","23/10/2020","1","320","1.56","14.12.2020, 13.1.2021","1","6_10","6","10","FALSE","41339.36","6200903","1.3708","1.7344"
"EP_D14_C_2","Roey099-6-2_S92","Roey099-6-2_S92_L001_R1_001_noPrimers.fastq.gz","Epibolus pulchripes Day 14 replicate 3","Epibolus pulchripes","30/05/2020","Labelled","14","3","23/10/2020","1","320","1.56","15.1.2021","2","6_2","6","2","FALSE","547.7","82154","1.3736","1.823"
"EP_D14_C_3","Roey107-6-3_S100","Roey107-6-3_S100_L001_R1_001_noPrimers.fastq.gz","Epibolus pulchripes Day 14 replicate 3","Epibolus pulchripes","30/05/2020","Labelled","14","3","23/10/2020","1","320","1.56","14.1.2021","1","6_3","6","3","FALSE","119454.34","17918150","1.3732","1.8104"
"EP_D14_C_4","Roey115-6-4_S108","Roey115-6-4_S108_L001_R1_001_noPrimers.fastq.gz","Epibolus pulchripes Day 14 replicate 3","Epibolus pulchripes","30/05/2020","Labelled","14","3","23/10/2020","1","320","1.56","14.12.2020, 13.1.2021","1","6_4","6","4","FALSE","751872.75","112780913","1.3729","1.8009"
"EP_D14_C_5","Roey123-6-5_S116","Roey123-6-5_S116_L001_R1_001_noPrimers.fastq.gz","Epibolus pulchripes Day 14 replicate 3","Epibolus pulchripes","30/05/2020","Labelled","14","3","23/10/2020","1","320","1.56","14.12.2020, 13.1.2021","1","6_5","6","5","FALSE","1571659.5","235748925","1.3725","1.7882"
"EP_D14_C_6","Roey131-6-6_S124","Roey131-6-6_S124_L001_R1_001_noPrimers.fastq.gz","Epibolus pulchripes Day 14 replicate 3","Epibolus pulchripes","30/05/2020","Labelled","14","3","23/10/2020","1","320","1.56","14.12.2020, 13.1.2021","1","6_6","6","6","FALSE","708786.44","106317966","1.3722","1.7787"
"EP_D14_C_7","Roey139-6-7_S132","Roey139-6-7_S132_L001_R1_001_noPrimers.fastq.gz","Epibolus pulchripes Day 14 replicate 3","Epibolus pulchripes","30/05/2020","Labelled","14","3","23/10/2020","1","320","1.56","14.12.2020, 13.1.2021","1","6_7","6","7","FALSE","208464.31","31269647","1.3719","1.7692"
"EP_D14_C_8","Roey147-6-8_S140","Roey147-6-8_S140_L001_R1_001_noPrimers.fastq.gz","Epibolus pulchripes Day 14 replicate 3","Epibolus pulchripes","30/05/2020","Labelled","14","3","23/10/2020","1","320","1.56","14.12.2020, 13.1.2021","1","6_8","6","8","FALSE","148324.81","22248722","1.3714","1.7534"
"EP_D14_C_9","Roey155-6-9_S148","Roey155-6-9_S148_L001_R1_001_noPrimers.fastq.gz","Epibolus pulchripes Day 14 replicate 3","Epibolus pulchripes","30/05/2020","Labelled","14","3","23/10/2020","1","320","1.56","14.12.2020, 13.1.2021","1","6_9","6","9","FALSE","60795.73","9119360","1.3711","1.7439"
"EP_D3_A_10","Roey159-10-10_S152","Roey159-10-10_S152_L001_R1_001_noPrimers.fastq.gz","Epibolus pulchripes Day 3 replicate 1","Epibolus pulchripes","30/05/2020","Labelled","3","1","30/10/2020","2","386","1.29","14.1.2021","1","10_10","10","10","FALSE","57301.88","8595282","1.3713","1.7502"
"EP_D3_A_11","Roey167-10-11_S160","Roey167-10-11_S160_L001_R1_001_noPrimers.fastq.gz","Epibolus pulchripes Day 3 replicate 1","Epibolus pulchripes","30/05/2020","Labelled","3","1","30/10/2020","2","386","1.29","14.1.2021","1","10_11","10","11","FALSE","143824.36","21573654","1.3709","1.7376"
"EP_D3_A_2","Roey095-10-2_S88","Roey095-10-2_S88_L001_R1_001_noPrimers.fastq.gz","Epibolus pulchripes Day 3 replicate 1","Epibolus pulchripes","30/05/2020","Labelled","3","1","30/10/2020","2","386","1.29","26.1.2021","3","10_2","10","2","FALSE","1956.76","293514","1.3740","1.8357"
"EP_D3_A_3","Roey103-10-3_S96","Roey103-10-3_S96_L001_R1_001_noPrimers.fastq.gz","Epibolus pulchripes Day 3 replicate 1","Epibolus pulchripes","30/05/2020","Labelled","3","1","30/10/2020","2","386","1.29","26.1.2021","3","10_3","10","3","FALSE","1218.07","182711","1.3738","1.8294"
"EP_D3_A_4","Roey111-10-4_S104","Roey111-10-4_S104_L001_R1_001_noPrimers.fastq.gz","Epibolus pulchripes Day 3 replicate 1","Epibolus pulchripes","30/05/2020","Labelled","3","1","30/10/2020","2","386","1.29","14.1.2021","1","10_4","10","4","FALSE","21956.98","3293547","1.3733","1.8135"
"EP_D3_A_5","Roey119-10-5_S112","Roey119-10-5_S112_L001_R1_001_noPrimers.fastq.gz","Epibolus pulchripes Day 3 replicate 1","Epibolus pulchripes","30/05/2020","Labelled","3","1","30/10/2020","2","386","1.29","14.1.2021","1","10_5","10","5","FALSE","178511.47","26776720","1.3730","1.8041"
"EP_D3_A_6","Roey127-10-6_S120","Roey127-10-6_S120_L001_R1_001_noPrimers.fastq.gz","Epibolus pulchripes Day 3 replicate 1","Epibolus pulchripes","30/05/2020","Labelled","3","1","30/10/2020","2","386","1.29","14.1.2021","1","10_6","10","6","FALSE","2579359.25","386903888","1.3726","1.7914"
"EP_D3_A_7","Roey135-10-7_S128","Roey135-10-7_S128_L001_R1_001_noPrimers.fastq.gz","Epibolus pulchripes Day 3 replicate 1","Epibolus pulchripes","30/05/2020","Labelled","3","1","30/10/2020","2","386","1.29","14.1.2021","1","10_7","10","7","FALSE","3938515.5","590777325","1.3723","1.7819"
"EP_D3_A_8","Roey143-10-8_S136","Roey143-10-8_S136_L001_R1_001_noPrimers.fastq.gz","Epibolus pulchripes Day 3 replicate 1","Epibolus pulchripes","30/05/2020","Labelled","3","1","30/10/2020","2","386","1.29","14.1.2021","1","10_8","10","8","FALSE","1264515.25","189677288","1.3720","1.7724"
"EP_D3_A_9","Roey151-10-9_S144","Roey151-10-9_S144_L001_R1_001_noPrimers.fastq.gz","Epibolus pulchripes Day 3 replicate 1","Epibolus pulchripes","30/05/2020","Labelled","3","1","30/10/2020","2","386","1.29","14.1.2021","1","10_9","10","9","FALSE","653894.75","98084213","1.3717","1.7629"
"EP_D3_B_10","Roey232-11-10_S65","Roey232-11-10_S65_L001_R1_001_noPrimers.fastq.gz","Epibolus pulchripes Day 3 replicate 2","Epibolus pulchripes","30/05/2020","Labelled","3","2","30/10/2020","2","1117","0.5","14.1.2021","1","11_10","11","10","FALSE","36883.78","5532567","1.3715","1.7566"
"EP_D3_B_11","Roey240-11-11_S73","Roey240-11-11_S73_L001_R1_001_noPrimers.fastq.gz","Epibolus pulchripes Day 3 replicate 2","Epibolus pulchripes","30/05/2020","Labelled","3","2","30/10/2020","2","1117","0.5","14.1.2021","1","11_11","11","11","FALSE","27398.67","4109801","1.3712","1.7471"
"EP_D3_B_2","Roey168-11-2_S1","Roey168-11-2_S1_L001_R1_001_noPrimers.fastq.gz","Epibolus pulchripes Day 3 replicate 2","Epibolus pulchripes","30/05/2020","Labelled","3","2","30/10/2020","2","1117","0.5","26.1.2021","3","11_2","11","2","FALSE","2605","390751","1.3742","1.842"
"EP_D3_B_3","Roey176-11-3_S9","Roey176-11-3_S9_L001_R1_001_noPrimers.fastq.gz","Epibolus pulchripes Day 3 replicate 2","Epibolus pulchripes","30/05/2020","Labelled","3","2","30/10/2020","2","1117","0.5","26.1.2021","3","11_3","11","3","FALSE","9741.75","1461263","1.3739","1.8325"
"EP_D3_B_4","Roey184-11-4_S17","Roey184-11-4_S17_L001_R1_001_noPrimers.fastq.gz","Epibolus pulchripes Day 3 replicate 2","Epibolus pulchripes","30/05/2020","Labelled","3","2","30/10/2020","2","1117","0.5","14.1.2021","1","11_4","11","4","FALSE","40192.84","6028926","1.3735","1.8199"
"EP_D3_B_5","Roey192-11-5_S25","Roey192-11-5_S25_L001_R1_001_noPrimers.fastq.gz","Epibolus pulchripes Day 3 replicate 2","Epibolus pulchripes","30/05/2020","Labelled","3","2","30/10/2020","2","1117","0.5","14.1.2021","1","11_5","11","5","FALSE","265193.34","39779002","1.3732","1.8104"
"EP_D3_B_6","Roey200-11-6_S33","Roey200-11-6_S33_L001_R1_001_noPrimers.fastq.gz","Epibolus pulchripes Day 3 replicate 2","Epibolus pulchripes","30/05/2020","Labelled","3","2","30/10/2020","2","1117","0.5","14.1.2021","1","11_6","11","6","FALSE","2123120.25","318468038","1.3728","1.7977"
"EP_D3_B_7","Roey208-11-7_S41","Roey208-11-7_S41_L001_R1_001_noPrimers.fastq.gz","Epibolus pulchripes Day 3 replicate 2","Epibolus pulchripes","30/05/2020","Labelled","3","2","30/10/2020","2","1117","0.5","14.1.2021","1","11_7","11","7","FALSE","2141345.25","321201788","1.3725","1.7882"
"EP_D3_B_8","Roey216-11-8_S49","Roey216-11-8_S49_L001_R1_001_noPrimers.fastq.gz","Epibolus pulchripes Day 3 replicate 2","Epibolus pulchripes","30/05/2020","Labelled","3","2","30/10/2020","2","1117","0.5","14.1.2021","1","11_8","11","8","FALSE","1057074.38","158561156","1.3722","1.7787"
"EP_D3_B_9","Roey224-11-9_S57","Roey224-11-9_S57_L001_R1_001_noPrimers.fastq.gz","Epibolus pulchripes Day 3 replicate 2","Epibolus pulchripes","30/05/2020","Labelled","3","2","30/10/2020","2","1117","0.5","14.1.2021","1","11_9","11","9","FALSE","201037.78","30155667","1.3718","1.7661"
"EP_D3_C_10","Roey233-12-10_S66","Roey233-12-10_S66_L001_R1_001_noPrimers.fastq.gz","Epibolus pulchripes Day 3 replicate 3","Epibolus pulchripes","30/05/2020","Labelled","3","3","30/10/2020","2","673","0.74","14.1.2021","1","12_10","12","10","FALSE","11879.04","1781856","1.3714","1.7534"
"EP_D3_C_11","Roey241-12-11_S74","Roey241-12-11_S74_L001_R1_001_noPrimers.fastq.gz","Epibolus pulchripes Day 3 replicate 3","Epibolus pulchripes","30/05/2020","Labelled","3","3","30/10/2020","2","673","0.74","14.1.2021","1","12_11","12","11","FALSE","13430.59","2014588","1.3711","1.7439"
"EP_D3_C_2","Roey169-12-2_S2","Roey169-12-2_S2_L001_R1_001_noPrimers.fastq.gz","Epibolus pulchripes Day 3 replicate 3","Epibolus pulchripes","30/05/2020","Labelled","3","3","30/10/2020","2","673","0.74","26.1.2021","3","12_2","12","2","FALSE","1216.72","182507","1.3741","1.8389"
"EP_D3_C_3","Roey177-12-3_S10","Roey177-12-3_S10_L001_R1_001_noPrimers.fastq.gz","Epibolus pulchripes Day 3 replicate 3","Epibolus pulchripes","30/05/2020","Labelled","3","3","30/10/2020","2","673","0.74","26.1.2021","3","12_3","12","3","FALSE","7473.25","1120987","1.3737","1.8262"
"EP_D3_C_4","Roey185-12-4_S18","Roey185-12-4_S18_L001_R1_001_noPrimers.fastq.gz","Epibolus pulchripes Day 3 replicate 3","Epibolus pulchripes","30/05/2020","Labelled","3","3","30/10/2020","2","673","0.74","14.1.2021","1","12_4","12","4","FALSE","28211.43","4231714","1.3734","1.8167"
"EP_D3_C_5","Roey193-12-5_S26","Roey193-12-5_S26_L001_R1_001_noPrimers.fastq.gz","Epibolus pulchripes Day 3 replicate 3","Epibolus pulchripes","30/05/2020","Labelled","3","3","30/10/2020","2","673","0.74","14.1.2021","1","12_5","12","5","FALSE","129432.48","19414873","1.3730","1.8041"
"EP_D3_C_6","Roey201-12-6_S34","Roey201-12-6_S34_L001_R1_001_noPrimers.fastq.gz","Epibolus pulchripes Day 3 replicate 3","Epibolus pulchripes","30/05/2020","Labelled","3","3","30/10/2020","2","673","0.74","14.1.2021","1","12_6","12","6","FALSE","556220.88","83433131","1.3727","1.7946"
"EP_D3_C_7","Roey209-12-7_S42","Roey209-12-7_S42_L001_R1_001_noPrimers.fastq.gz","Epibolus pulchripes Day 3 replicate 3","Epibolus pulchripes","30/05/2020","Labelled","3","3","30/10/2020","2","673","0.74","14.1.2021","1","12_7","12","7","FALSE","164880.73","24732110","1.3724","1.7851"
"EP_D3_C_8","Roey217-12-8_S50","Roey217-12-8_S50_L001_R1_001_noPrimers.fastq.gz","Epibolus pulchripes Day 3 replicate 3","Epibolus pulchripes","30/05/2020","Labelled","3","3","30/10/2020","2","673","0.74","14.1.2021","1","12_8","12","8","FALSE","203074.97","30461245","1.3720","1.7724"
"EP_D3_C_9","Roey225-12-9_S58","Roey225-12-9_S58_L001_R1_001_noPrimers.fastq.gz","Epibolus pulchripes Day 3 replicate 3","Epibolus pulchripes","30/05/2020","Labelled","3","3","30/10/2020","2","673","0.74","14.1.2021","1","12_9","12","9","FALSE","30622.25","4593337","1.3717","1.7629"
"EP_D7_A_10","Roey071-1-10_S231","Roey071-1-10_S231_L001_R1_001_noPrimers.fastq.gz","Epibolus pulchripes Day 7 replicate 1","Epibolus pulchripes","30/05/2020","Labelled","7","1","23/10/2020","1","349","1.43","15.1.2021","2","1_10","1","10","FALSE","203.88","30583","1.3710","1.7407"
"EP_D7_A_11","Roey079-1-11_S239","Roey079-1-11_S239_L001_R1_001_noPrimers.fastq.gz","Epibolus pulchripes Day 7 replicate 1","Epibolus pulchripes","30/05/2020","Labelled","7","1","23/10/2020","1","349","1.43","15.1.2021","2","1_11","1","11","FALSE","3251.1","487665","1.3707","1.7312"
"EP_D7_A_2","Roey007-1-2_S167","Roey007-1-2_S167_L001_R1_001_noPrimers.fastq.gz","Epibolus pulchripes Day 7 replicate 1","Epibolus pulchripes","30/05/2020","Labelled","7","1","23/10/2020","1","349","1.43","14.1.2021","1","1_2","1","2","FALSE","4750.33","712550","1.3737","1.8262"
"EP_D7_A_3","Roey015-1-3_S175","Roey015-1-3_S175_L001_R1_001_noPrimers.fastq.gz","Epibolus pulchripes Day 7 replicate 1","Epibolus pulchripes","30/05/2020","Labelled","7","1","23/10/2020","1","349","1.43","14.1.2021","1","1_3","1","3","FALSE","71677.7","10751655","1.3733","1.8135"
"EP_D7_A_4","Roey023-1-4_S183","Roey023-1-4_S183_L001_R1_001_noPrimers.fastq.gz","Epibolus pulchripes Day 7 replicate 1","Epibolus pulchripes","30/05/2020","Labelled","7","1","23/10/2020","1","349","1.43","14.12.2020, 13.1.2021, 14.1.2021","1","1_4","1","4","FALSE","1854452.75","278167913","1.3730","1.8041"
"EP_D7_A_5","Roey031-1-5_S191","Roey031-1-5_S191_L001_R1_001_noPrimers.fastq.gz","Epibolus pulchripes Day 7 replicate 1","Epibolus pulchripes","30/05/2020","Labelled","7","1","23/10/2020","1","349","1.43","14.12.2020, 13.1.2021, 14.1.2021","1","1_5","1","5","FALSE","1661301.13","249195169","1.3727","1.7946"
"EP_D7_A_6","Roey039-1-6_S199","Roey039-1-6_S199_L001_R1_001_noPrimers.fastq.gz","Epibolus pulchripes Day 7 replicate 1","Epibolus pulchripes","30/05/2020","Labelled","7","1","23/10/2020","1","349","1.43","14.12.2020, 13.1.2021, 14.1.2021","1","1_6","1","6","FALSE","2674103.5","401115525","1.3723","1.7819"
"EP_D7_A_7","Roey047-1-7_S207","Roey047-1-7_S207_L001_R1_001_noPrimers.fastq.gz","Epibolus pulchripes Day 7 replicate 1","Epibolus pulchripes","30/05/2020","Labelled","7","1","23/10/2020","1","349","1.43","14.12.2020, 13.1.2021, 14.1.2021","1","1_7","1","7","FALSE","420082.63","63012394","1.3721","1.7756"
"EP_D7_A_8","Roey055-1-8_S215","Roey055-1-8_S215_L001_R1_001_noPrimers.fastq.gz","Epibolus pulchripes Day 7 replicate 1","Epibolus pulchripes","30/05/2020","Labelled","7","1","23/10/2020","1","349","1.43","14.12.2020, 13.1.2021, 14.1.2021","1","1_8","1","8","FALSE","17886.35","2682953","1.3717","1.7629"
"EP_D7_A_9","Roey063-1-9_S223","Roey063-1-9_S223_L001_R1_001_noPrimers.fastq.gz","Epibolus pulchripes Day 7 replicate 1","Epibolus pulchripes","30/05/2020","Labelled","7","1","23/10/2020","1","349","1.43","14.12.2020, 13.1.2021, 14.1.2021","1","1_9","1","9","FALSE","33019.2","4952879","1.3714","1.7534"
"EP_D7_B_10","Roey072-2-10_S232","Roey072-2-10_S232_L001_R1_001_noPrimers.fastq.gz","Epibolus pulchripes Day 7 replicate 2","Epibolus pulchripes","30/05/2020","Labelled","7","2","23/10/2020","1","540","0.92","15.1.2021","2","2_10","2","10","FALSE","213.62","32044","1.3712","1.7471"
"EP_D7_B_11","Roey080-2-11_S240","Roey080-2-11_S240_L001_R1_001_noPrimers.fastq.gz","Epibolus pulchripes Day 7 replicate 2","Epibolus pulchripes","30/05/2020","Labelled","7","2","23/10/2020","1","540","0.92","14.12.2020, 13.1.2021, 14.1.2021","1","2_11","2","11","FALSE","23546.13","3531920","1.3708","1.7344"
"EP_D7_B_2","Roey008-2-2_S168","Roey008-2-2_S168_L001_R1_001_noPrimers.fastq.gz","Epibolus pulchripes Day 7 replicate 1","Epibolus pulchripes","30/05/2020","Labelled","7","2","23/10/2020","1","540","0.92","14.1.2021","1","2_2","2","2","FALSE","124525.53","18678830","1.3738","1.8294"
"EP_D7_B_3","Roey016-2-3_S176","Roey016-2-3_S176_L001_R1_001_noPrimers.fastq.gz","Epibolus pulchripes Day 7 replicate 2","Epibolus pulchripes","30/05/2020","Labelled","7","2","23/10/2020","1","540","0.92","14.1.2021","1","2_3","2","3","FALSE","2141834.25","321275138","1.3734","1.8167"
"EP_D7_B_4","Roey024-2-4_S184","Roey024-2-4_S184_L001_R1_001_noPrimers.fastq.gz","Epibolus pulchripes Day 7 replicate 2","Epibolus pulchripes","30/05/2020","Labelled","7","2","23/10/2020","1","540","0.92","14.12.2020, 13.1.2021, 14.1.2021","1","2_4","2","4","FALSE","109207.65","16381147","1.3731","1.8072"
"EP_D7_B_5","Roey032-2-5_S192","Roey032-2-5_S192_L001_R1_001_noPrimers.fastq.gz","Epibolus pulchripes Day 7 replicate 2","Epibolus pulchripes","30/05/2020","Labelled","7","2","23/10/2020","1","540","0.92","14.12.2020, 13.1.2021, 14.1.2021","1","2_5","2","5","FALSE","183318.38","27497756","1.3728","1.7977"
"EP_D7_B_6","Roey040-2-6_S200","Roey040-2-6_S200_L001_R1_001_noPrimers.fastq.gz","Epibolus pulchripes Day 7 replicate 2","Epibolus pulchripes","30/05/2020","Labelled","7","2","23/10/2020","1","540","0.92","14.12.2020, 13.1.2021, 14.1.2021","1","2_6","2","6","FALSE","4712929","706939350","1.3724","1.7851"
"EP_D7_B_7","Roey048-2-7_S208","Roey048-2-7_S208_L001_R1_001_noPrimers.fastq.gz","Epibolus pulchripes Day 7 replicate 2","Epibolus pulchripes","30/05/2020","Labelled","7","2","23/10/2020","1","540","0.92","14.12.2020, 13.1.2021, 14.1.2021","1","2_7","2","7","FALSE","129858.67","19478801","1.3721","1.7756"
"EP_D7_B_8","Roey056-2-8_S216","Roey056-2-8_S216_L001_R1_001_noPrimers.fastq.gz","Epibolus pulchripes Day 7 replicate 2","Epibolus pulchripes","30/05/2020","Labelled","7","2","23/10/2020","1","540","0.92","15.1.2021","2","2_8","2","8","FALSE","2941.38","441207","1.3718","1.7661"
"EP_D7_B_9","Roey064-2-9_S224","Roey064-2-9_S224_L001_R1_001_noPrimers.fastq.gz","Epibolus pulchripes Day 7 replicate 2","Epibolus pulchripes","30/05/2020","Labelled","7","2","23/10/2020","1","540","0.92","14.12.2020, 13.1.2021, 14.1.2021","1","2_9","2","9","FALSE","25656.9","3848535","1.3715","1.7566"
"EP_D7_C_10","Roey152-3-10_S145","Roey152-3-10_S145_L001_R1_001_noPrimers.fastq.gz","Epibolus pulchripes Day 7 replicate 3","Epibolus pulchripes","30/05/2020","Labelled","7","3","23/10/2020","1","468","1.06","14.12.2020, 13.1.2021, 14.1.2021","1","3_10","3","10","FALSE","215932.19","32389828","1.3713","1.7502"
"EP_D7_C_11","Roey160-3-11_S153","Roey160-3-11_S153_L001_R1_001_noPrimers.fastq.gz","Epibolus pulchripes Day 7 replicate 3","Epibolus pulchripes","30/05/2020","Labelled","7","3","23/10/2020","1","468","1.06","14.12.2020, 13.1.2021, 14.1.2021","1","3_11","3","11","FALSE","151841.75","22776263","1.3709","1.7376"
"EP_D7_C_2","Roey088-3-2_S81","Roey088-3-2_S81_L001_R1_001_noPrimers.fastq.gz","Epibolus pulchripes Day 7 replicate 3","Epibolus pulchripes","30/05/2020","Labelled","7","3","23/10/2020","1","468","1.06","14.1.2021","1","3_2","3","2","FALSE","17780.26","2667039","1.3739","1.8325"
"EP_D7_C_3","Roey096-3-3_S89","Roey096-3-3_S89_L001_R1_001_noPrimers.fastq.gz","Epibolus pulchripes Day 7 replicate 3","Epibolus pulchripes","30/05/2020","Labelled","7","3","23/10/2020","1","468","1.06","14.1.2021","1","3_3","3","3","FALSE","140503.31","21075497","1.3736","1.823"
"EP_D7_C_4","Roey104-3-4_S97","Roey104-3-4_S97_L001_R1_001_noPrimers.fastq.gz","Epibolus pulchripes Day 7 replicate 3","Epibolus pulchripes","30/05/2020","Labelled","7","3","23/10/2020","1","468","1.06","14.12.2020, 13.1.2021, 14.1.2021","1","3_4","3","4","FALSE","8226109","1233916350","1.3732","1.8104"
"EP_D7_C_5","Roey112-3-5_S105","Roey112-3-5_S105_L001_R1_001_noPrimers.fastq.gz","Epibolus pulchripes Day 7 replicate 3","Epibolus pulchripes","30/05/2020","Labelled","7","3","23/10/2020","1","468","1.06","14.12.2020, 13.1.2021, 14.1.2021","1","3_5","3","5","FALSE","5518909","827836350","1.3728","1.7977"
"EP_D7_C_6","Roey120-3-6_S113","Roey120-3-6_S113_L001_R1_001_noPrimers.fastq.gz","Epibolus pulchripes Day 7 replicate 3","Epibolus pulchripes","30/05/2020","Labelled","7","3","23/10/2020","1","468","1.06","14.12.2020, 13.1.2021, 14.1.2021","1","3_6","3","6","FALSE","2463337.5","369500625","1.3725","1.7882"
"EP_D7_C_7","Roey128-3-7_S121","Roey128-3-7_S121_L001_R1_001_noPrimers.fastq.gz","Epibolus pulchripes Day 7 replicate 3","Epibolus pulchripes","30/05/2020","Labelled","7","3","23/10/2020","1","468","1.06","14.12.2020, 13.1.2021, 14.1.2021","1","3_7","3","7","FALSE","766235.38","114935306","1.3721","1.7756"
"EP_D7_C_8","Roey136-3-8_S129","Roey136-3-8_S129_L001_R1_001_noPrimers.fastq.gz","Epibolus pulchripes Day 7 replicate 3","Epibolus pulchripes","30/05/2020","Labelled","7","3","23/10/2020","1","468","1.06","14.12.2020, 13.1.2021, 14.1.2021","1","3_8","3","8","FALSE","765816.25","114872438","1.3718","1.7661"
"EP_D7_C_9","Roey144-3-9_S137","Roey144-3-9_S137_L001_R1_001_noPrimers.fastq.gz","Epibolus pulchripes Day 7 replicate 3","Epibolus pulchripes","30/05/2020","Labelled","7","3","23/10/2020","1","468","1.06","14.12.2020, 13.1.2021, 14.1.2021","1","3_9","3","9","FALSE","81849.65","12277447","1.3715","1.7566"
"extr. CTRL. 22","Roey084-extr-CTRL-22_S244","Roey084-extr-CTRL-22_S244_L001_R1_001_noPrimers.fastq.gz","NA","NA","NA","NA","NA","NA","NA","NA","NA","NA","27.1.2021","4","extr. CTRL. 22","NA","NA","TRUE","NA","NA",,
"extr. CTRL. 25","Roey083-extr-CTRL-25_S243","Roey083-extr-CTRL-25_S243_L001_R1_001_noPrimers.fastq.gz","NA","NA","NA","NA","NA","NA","NA","NA","NA","NA","26.1.2021, 28.1.2021","5","extr. CTRL. 25","NA","NA","TRUE","NA","NA",,
"extr. CTRL. 28","Roey085-extr-CTRL-28_S245","Roey085-extr-CTRL-28_S245_L001_R1_001_noPrimers.fastq.gz","NA","NA","NA","NA","NA","NA","NA","NA","NA","NA","27.1.2021","4","extr. CTRL. 28","NA","NA","TRUE","NA","NA",,
"GC_CON_D14_10","Roey070-G3-10_S230","Roey070-G3-10_S230_L001_R1_001_noPrimers.fastq.gz","Glomeris control Day 14 ","Glomeris connexa","23/09/2020","Unlabelled","14","1","05-11-2020","3","1342","0.5","14.12.2021, 13.1.2021","0","G3_10","24","10","FALSE","17415.89","2612383","1.3712","1.7471"
"GC_CON_D14_11","Roey078-G3-11_S238","Roey078-G3-11_S238_L001_R1_001_noPrimers.fastq.gz","Glomeris control Day 14 ","Glomeris connexa","23/09/2020","Unlabelled","14","1","05-11-2020","3","1342","0.5","14.12.2021, 13.1.2021","0","G3_11","24","11","FALSE","20198.62","3029793","1.3709","1.7376"
"GC_CON_D14_2","Roey006-G3-2_S166","Roey006-G3-2_S166_L001_R1_001_noPrimers.fastq.gz","Glomeris control Day 14 ","Glomeris connexa","23/09/2020","Unlabelled","14","1","05-11-2020","3","1342","0.5","15.1.2021","2","G3_2","24","2","FALSE","786.13","117919","1.3739","1.8325"
"GC_CON_D14_3","Roey014-G3-3_S174","Roey014-G3-3_S174_L001_R1_001_noPrimers.fastq.gz","Glomeris control Day 14 ","Glomeris connexa","23/09/2020","Unlabelled","14","1","05-11-2020","3","1342","0.5","15.1.2021","2","G3_3","24","3","FALSE","1965.22","294784","1.3735","1.8199"
"GC_CON_D14_4","Roey022-G3-4_S182","Roey022-G3-4_S182_L001_R1_001_noPrimers.fastq.gz","Glomeris control Day 14 ","Glomeris connexa","23/09/2020","Unlabelled","14","1","05-11-2020","3","1342","0.5","14.12.2021, 13.1.2021","0","G3_4","24","4","FALSE","6500.96","975144","1.3732","1.8104"
"GC_CON_D14_5","Roey030-G3-5_S190","Roey030-G3-5_S190_L001_R1_001_noPrimers.fastq.gz","Glomeris control Day 14 ","Glomeris connexa","23/09/2020","Unlabelled","14","1","05-11-2020","3","1342","0.5","14.12.2021, 13.1.2021","0","G3_5","24","5","FALSE","137113.44","20567016","1.3729","1.8009"
"GC_CON_D14_6","Roey038-G3-6_S198","Roey038-G3-6_S198_L001_R1_001_noPrimers.fastq.gz","Glomeris control Day 14 ","Glomeris connexa","23/09/2020","Unlabelled","14","1","05-11-2020","3","1342","0.5","14.12.2021, 13.1.2021","0","G3_6","24","6","FALSE","74252.5","11137875","1.3726","1.7914"
"GC_CON_D14_7","Roey046-G3-7_S206","Roey046-G3-7_S206_L001_R1_001_noPrimers.fastq.gz","Glomeris control Day 14 ","Glomeris connexa","23/09/2020","Unlabelled","14","1","05-11-2020","3","1342","0.5","14.12.2021, 13.1.2021","0","G3_7","24","7","FALSE","598475.63","89771344","1.3722","1.7787"
"GC_CON_D14_8","Roey054-G3-8_S214","Roey054-G3-8_S214_L001_R1_001_noPrimers.fastq.gz","Glomeris control Day 14 ","Glomeris connexa","23/09/2020","Unlabelled","14","1","05-11-2020","3","1342","0.5","14.12.2021, 13.1.2021","0","G3_8","24","8","FALSE","247149.09","37072364","1.3719","1.7692"
"GC_CON_D14_9","Roey062-G3-9_S222","Roey062-G3-9_S222_L001_R1_001_noPrimers.fastq.gz","Glomeris control Day 14 ","Glomeris connexa","23/09/2020","Unlabelled","14","1","05-11-2020","3","1342","0.5","14.12.2021, 13.1.2021","0","G3_9","24","9","FALSE","103689.8","15553470","1.3716","1.7597"
"GC_CON_D3_10","Roey068-G1-10_S228","Roey068-G1-10_S228_L001_R1_001_noPrimers.fastq.gz","Glomeris control Day 3 ","Glomeris connexa","23/09/2020","Unlabelled","3","1","05-11-2020","3","659","0.74","14.12.2021, 13.1.2021","1","G1_10","22","10","FALSE","32447.48","4867122","1.3712","1.7471"
"GC_CON_D3_11","Roey076-G1-11_S236","Roey076-G1-11_S236_L001_R1_001_noPrimers.fastq.gz","Glomeris control Day 3 ","Glomeris connexa","23/09/2020","Unlabelled","3","1","05-11-2020","3","659","0.74","14.12.2021, 13.1.2021","1","G1_11","22","11","FALSE","39086.81","5863021","1.3708","1.7344"
"GC_CON_D3_2","Roey004-G1-2_S164","Roey004-G1-2_S164_L001_R1_001_noPrimers.fastq.gz","Glomeris control Day 3 ","Glomeris connexa","23/09/2020","Unlabelled","3","1","05-11-2020","3","659","0.74","15.1.2021","2","G1_2","22","2","FALSE","1209.34","181401","1.3738","1.8294"
"GC_CON_D3_3","Roey012-G1-3_S172","Roey012-G1-3_S172_L001_R1_001_noPrimers.fastq.gz","Glomeris control Day 3 ","Glomeris connexa","23/09/2020","Unlabelled","3","1","05-11-2020","3","659","0.74","15.1.2021","2","G1_3","22","3","FALSE","793.06","118959","1.3735","1.8199"
"GC_CON_D3_4","Roey020-G1-4_S180","Roey020-G1-4_S180_L001_R1_001_noPrimers.fastq.gz","Glomeris control Day 3 ","Glomeris connexa","23/09/2020","Unlabelled","3","1","05-11-2020","3","659","0.74","14.12.2021, 13.1.2021","1","G1_4","22","4","FALSE","8944.17","1341625","1.3731","1.8072"
"GC_CON_D3_5","Roey028-G1-5_S188","Roey028-G1-5_S188_L001_R1_001_noPrimers.fastq.gz","Glomeris control Day 3 ","Glomeris connexa","23/09/2020","Unlabelled","3","1","05-11-2020","3","659","0.74","14.12.2021, 13.1.2021","1","G1_5","22","5","FALSE","57277.42","8591613","1.3727","1.7946"
"GC_CON_D3_6","Roey036-G1-6_S196","Roey036-G1-6_S196_L001_R1_001_noPrimers.fastq.gz","Glomeris control Day 3 ","Glomeris connexa","23/09/2020","Unlabelled","3","1","05-11-2020","3","659","0.74","14.12.2021, 13.1.2021","1","G1_6","22","6","FALSE","835693.06","125353959","1.3724","1.7851"
"GC_CON_D3_7","Roey044-G1-7_S204","Roey044-G1-7_S204_L001_R1_001_noPrimers.fastq.gz","Glomeris control Day 3 ","Glomeris connexa","23/09/2020","Unlabelled","3","1","05-11-2020","3","659","0.74","14.12.2021, 13.1.2021","1","G1_7","22","7","FALSE","1363022.25","204453338","1.3721","1.7756"
"GC_CON_D3_8","Roey052-G1-8_S212","Roey052-G1-8_S212_L001_R1_001_noPrimers.fastq.gz","Glomeris control Day 3 ","Glomeris connexa","23/09/2020","Unlabelled","3","1","05-11-2020","3","659","0.74","14.12.2021, 13.1.2021","1","G1_8","22","8","FALSE","298825.44","44823816","1.3718","1.7661"
"GC_CON_D3_9","Roey060-G1-9_S220","Roey060-G1-9_S220_L001_R1_001_noPrimers.fastq.gz","Glomeris control Day 3 ","Glomeris connexa","23/09/2020","Unlabelled","3","1","05-11-2020","3","659","0.74","14.12.2021, 13.1.2021","1","G1_9","22","9","FALSE","145016.7","21752505","1.3715","1.7566"
"GC_CON_D7_1","Roey005-G2-1_S165","Roey005-G2-1_S165_L001_R1_001_noPrimers.fastq.gz","Glomeris control Day 7","Glomeris connexa","23/09/2020","Unlabelled","7","1","05-11-2020","3","1297","0.5","15.1.2021","2","G2_1","23","1","FALSE","620.79","93118","1.3744","1.8484"
"GC_CON_D7_10","Roey077-G2-10_S237","Roey077-G2-10_S237_L001_R1_001_noPrimers.fastq.gz","Glomeris control Day 7","Glomeris connexa","23/09/2020","Unlabelled","7","1","05-11-2020","3","1297","0.5","14.12.2021, 13.1.2021","1","G2_10","23","10","FALSE","8444.67","1266700","1.3701","1.7123"
"GC_CON_D7_2","Roey013-G2-2_S173","Roey013-G2-2_S173_L001_R1_001_noPrimers.fastq.gz","Glomeris control Day 7","Glomeris connexa","23/09/2020","Unlabelled","7","1","05-11-2020","3","1297","0.5","15.1.2021","2","G2_2","23","2","FALSE","701.48","105222","1.3739","1.8325"
"GC_CON_D7_3","Roey021-G2-3_S181","Roey021-G2-3_S181_L001_R1_001_noPrimers.fastq.gz","Glomeris control Day 7","Glomeris connexa","23/09/2020","Unlabelled","7","1","05-11-2020","3","1297","0.5","14.12.2021, 13.1.2021","1","G2_3","23","3","FALSE","2983.22","447483","1.3735","1.8199"
"GC_CON_D7_4","Roey029-G2-4_S189","Roey029-G2-4_S189_L001_R1_001_noPrimers.fastq.gz","Glomeris control Day 7","Glomeris connexa","23/09/2020","Unlabelled","7","1","05-11-2020","3","1297","0.5","14.12.2021, 13.1.2021","1","G2_4","23","4","FALSE","4791.82","718773","1.373","1.8041"
"GC_CON_D7_5","Roey037-G2-5_S197","Roey037-G2-5_S197_L001_R1_001_noPrimers.fastq.gz","Glomeris control Day 7","Glomeris connexa","23/09/2020","Unlabelled","7","1","05-11-2020","3","1297","0.5","14.12.2021, 13.1.2021","1","G2_5","23","5","FALSE","27684.95","4152742","1.3727","1.7946"
"GC_CON_D7_6","Roey045-G2-6_S205","Roey045-G2-6_S205_L001_R1_001_noPrimers.fastq.gz","Glomeris control Day 7","Glomeris connexa","23/09/2020","Unlabelled","7","1","05-11-2020","3","1297","0.5","14.12.2021, 13.1.2021","1","G2_6","23","6","FALSE","323350.81","48502622","1.3723","1.7819"
"GC_CON_D7_7","Roey053-G2-7_S213","Roey053-G2-7_S213_L001_R1_001_noPrimers.fastq.gz","Glomeris control Day 7","Glomeris connexa","23/09/2020","Unlabelled","7","1","05-11-2020","3","1297","0.5","14.12.2021, 13.1.2021","1","G2_7","23","7","FALSE","17310.24","2596536","1.372","1.7724"
"GC_CON_D7_8","Roey061-G2-8_S221","Roey061-G2-8_S221_L001_R1_001_noPrimers.fastq.gz","Glomeris control Day 7","Glomeris connexa","23/09/2020","Unlabelled","7","1","05-11-2020","3","1297","0.5","14.12.2021, 13.1.2021","1","G2_8","23","8","FALSE","11817.68","1772651","1.3716","1.7597"
"GC_CON_D7_9","Roey069-G2-9_S229","Roey069-G2-9_S229_L001_R1_001_noPrimers.fastq.gz","Glomeris control Day 7","Glomeris connexa","23/09/2020","Unlabelled","7","1","05-11-2020","3","1297","0.5","14.12.2021, 13.1.2021","1","G2_9","23","9","FALSE","7691.33","1153699","1.3712","1.7471"
"GC_D14_A_10","Roey237-16-10_S70","Roey237-16-10_S70_L001_R1_001_noPrimers.fastq.gz","Glomeris connexa Day 14 replicate 1","Glomeris connexa","23/09/2020","Labelled","14","1","30/10/2020","2","1219","0.5","28.1.2021","5","16_10","16","10","FALSE","674.26","101139","1.3712","1.7471"
"GC_D14_A_11","Roey245-16-11_S78","Roey245-16-11_S78_L001_R1_001_noPrimers.fastq.gz","Glomeris connexa Day 14 replicate 1","Glomeris connexa","23/09/2020","Labelled","14","1","30/10/2020","2","1219","0.5","26.1.2021","3","16_11","16","11","FALSE","1993.59","299038","1.3709","1.7376"
"GC_D14_A_2","Roey173-16-2_S6","Roey173-16-2_S6_L001_R1_001_noPrimers.fastq.gz","Glomeris connexa Day 14 replicate 1","Glomeris connexa","23/09/2020","Labelled","14","1","30/10/2020","2","1219","0.5","26.1.2021","3","16_2","16","2","FALSE","1761.68","264251","1.3739","1.8325"
"GC_D14_A_3","Roey181-16-3_S14","Roey181-16-3_S14_L001_R1_001_noPrimers.fastq.gz","Glomeris connexa Day 14 replicate 1","Glomeris connexa","23/09/2020","Labelled","14","1","30/10/2020","2","1219","0.5","26.1.2021","3","16_3","16","3","FALSE","6519.27","977890","1.3735","1.8199"
"GC_D14_A_4","Roey189-16-4_S22","Roey189-16-4_S22_L001_R1_001_noPrimers.fastq.gz","Glomeris connexa Day 14 replicate 1","Glomeris connexa","23/09/2020","Labelled","14","1","30/10/2020","2","1219","0.5","26.1.2021","3","16_4","16","4","FALSE","18097.39","2714608","1.3732","1.8104"
"GC_D14_A_5","Roey197-16-5_S30","Roey197-16-5_S30_L001_R1_001_noPrimers.fastq.gz","Glomeris connexa Day 14 replicate 1","Glomeris connexa","23/09/2020","Labelled","14","1","30/10/2020","2","1219","0.5","27.1.2021","4","16_5","16","5","FALSE","27295.97","4094395","1.3728","1.7977"
"GC_D14_A_6","Roey205-16-6_S38","Roey205-16-6_S38_L001_R1_001_noPrimers.fastq.gz","Glomeris connexa Day 14 replicate 1","Glomeris connexa","23/09/2020","Labelled","14","1","30/10/2020","2","1219","0.5","27.1.2021","4","16_6","16","6","FALSE","110864.77","16629715","1.3725","1.7882"
"GC_D14_A_7","Roey213-16-7_S46","Roey213-16-7_S46_L001_R1_001_noPrimers.fastq.gz","Glomeris connexa Day 14 replicate 1","Glomeris connexa","23/09/2020","Labelled","14","1","30/10/2020","2","1219","0.5","27.1.2021","4","16_7","16","7","FALSE","53146.05","7971908","1.3722","1.7787"
"GC_D14_A_8","Roey221-16-8_S54","Roey221-16-8_S54_L001_R1_001_noPrimers.fastq.gz","Glomeris connexa Day 14 replicate 1","Glomeris connexa","23/09/2020","Labelled","14","1","30/10/2020","2","1219","0.5","28.1.2021","5","16_8","16","8","FALSE","10857.2","1628580","1.3718","1.7661"
"GC_D14_A_9","Roey229-16-9_S62","Roey229-16-9_S62_L001_R1_001_noPrimers.fastq.gz","Glomeris connexa Day 14 replicate 1","Glomeris connexa","23/09/2020","Labelled","14","1","30/10/2020","2","1219","0.5","28.1.2021","5","16_9","16","9","FALSE","6113.86","917079","1.3715","1.7566"
"GC_D14_B_10","Roey238-17-10_S71","Roey238-17-10_S71_L001_R1_001_noPrimers.fastq.gz","Glomeris connexa Day 14 replicate 2","Glomeris connexa","23/09/2020","Labelled","14","2","30/10/2020","2","568","0.88","28.1.2021","5","17_10","17","10","FALSE","3282.37","492356","1.3716","1.7597"
"GC_D14_B_11","Roey246-17-11_S79","Roey246-17-11_S79_L001_R1_001_noPrimers.fastq.gz","Glomeris connexa Day 14 replicate 2","Glomeris connexa","23/09/2020","Labelled","14","2","30/10/2020","2","568","0.88","26.1.2021","3","17_11","17","11","FALSE","4392.65","658897","1.3713","1.7502"
"GC_D14_B_2","Roey174-17-2_S7","Roey174-17-2_S7_L001_R1_001_noPrimers.fastq.gz","Glomeris connexa Day 14 replicate 2","Glomeris connexa","23/09/2020","Labelled","14","2","30/10/2020","2","568","0.88","27.1.2021","4","17_2","17","2","FALSE","682.03","102305","1.3742","1.842"
"GC_D14_B_3","Roey182-17-3_S15","Roey182-17-3_S15_L001_R1_001_noPrimers.fastq.gz","Glomeris connexa Day 14 replicate 2","Glomeris connexa","23/09/2020","Labelled","14","2","30/10/2020","2","568","0.88","27.1.2021","4","17_3","17","3","FALSE","756.92","113538","1.3739","1.8325"
"GC_D14_B_4","Roey190-17-4_S23","Roey190-17-4_S23_L001_R1_001_noPrimers.fastq.gz","Glomeris connexa Day 14 replicate 2","Glomeris connexa","23/09/2020","Labelled","14","2","30/10/2020","2","568","0.88","26.1.2021","3","17_4","17","4","FALSE","2239.71","335957","1.3735","1.8199"
"GC_D14_B_5","Roey198-17-5_S31","Roey198-17-5_S31_L001_R1_001_noPrimers.fastq.gz","Glomeris connexa Day 14 replicate 2","Glomeris connexa","23/09/2020","Labelled","14","2","30/10/2020","2","568","0.88","28.1.2021","5","17_5","17","5","FALSE","8039.05","1205857","1.3732","1.8104"
"GC_D14_B_6","Roey206-17-6_S39","Roey206-17-6_S39_L001_R1_001_noPrimers.fastq.gz","Glomeris connexa Day 14 replicate 2","Glomeris connexa","23/09/2020","Labelled","14","2","30/10/2020","2","568","0.88","28.1.2021","5","17_6","17","6","FALSE","23023.75","3453562","1.3728","1.7977"
"GC_D14_B_7","Roey214-17-7_S47","Roey214-17-7_S47_L001_R1_001_noPrimers.fastq.gz","Glomeris connexa Day 14 replicate 2","Glomeris connexa","23/09/2020","Labelled","14","2","30/10/2020","2","568","0.88","27.1.2021","4","17_7","17","7","FALSE","168109.03","25216355","1.3725","1.7882"
"GC_D14_B_8","Roey222-17-8_S55","Roey222-17-8_S55_L001_R1_001_noPrimers.fastq.gz","Glomeris connexa Day 14 replicate 2","Glomeris connexa","23/09/2020","Labelled","14","2","30/10/2020","2","568","0.88","27.1.2021","4","17_8","17","8","FALSE","29082.42","4362363","1.3723","1.7819"
"GC_D14_B_9","Roey230-17-9_S63","Roey230-17-9_S63_L001_R1_001_noPrimers.fastq.gz","Glomeris connexa Day 14 replicate 2","Glomeris connexa","23/09/2020","Labelled","14","2","30/10/2020","2","568","0.88","28.1.2021","5","17_9","17","9","FALSE","6813.18","1021978","1.3719","1.7692"
"GC_D14_C_10","Roey239-18-10_S72","Roey239-18-10_S72_L001_R1_001_noPrimers.fastq.gz","Glomeris connexa Day 14 replicate 3","Glomeris connexa","23/09/2020","Labelled","14","3","30/10/2020","2","406","1.23","28.1.2021","5","18_10","18","10","FALSE","2582.06","387309","1.3715","1.7566"
"GC_D14_C_11","Roey247-18-11_S80","Roey247-18-11_S80_L001_R1_001_noPrimers.fastq.gz","Glomeris connexa Day 14 replicate 3","Glomeris connexa","23/09/2020","Labelled","14","3","30/10/2020","2","406","1.23","26.1.2021","3","18_11","18","11","FALSE","3015.8","452370","1.3711","1.7439"
"GC_D14_C_2","Roey175-18-2_S8","Roey175-18-2_S8_L001_R1_001_noPrimers.fastq.gz","Glomeris connexa Day 14 replicate 3","Glomeris connexa","23/09/2020","Labelled","14","3","30/10/2020","2","406","1.23","27.1.2021","4","18_2","18","2","FALSE","76.75","11513","1.3742","1.842"
"GC_D14_C_3","Roey183-18-3_S16","Roey183-18-3_S16_L001_R1_001_noPrimers.fastq.gz","Glomeris connexa Day 14 replicate 3","Glomeris connexa","23/09/2020","Labelled","14","3","30/10/2020","2","406","1.23","27.1.2021","4","18_3","18","3","FALSE","259.69","38954","1.3738","1.8294"
"GC_D14_C_4","Roey191-18-4_S24","Roey191-18-4_S24_L001_R1_001_noPrimers.fastq.gz","Glomeris connexa Day 14 replicate 3","Glomeris connexa","23/09/2020","Labelled","14","3","30/10/2020","2","406","1.23","26.1.2021","3","18_4","18","4","FALSE","627.48","94122","1.3734","1.8167"
"GC_D14_C_5","Roey199-18-5_S32","Roey199-18-5_S32_L001_R1_001_noPrimers.fastq.gz","Glomeris connexa Day 14 replicate 3","Glomeris connexa","23/09/2020","Labelled","14","3","30/10/2020","2","406","1.23","28.1.2021","5","18_5","18","5","FALSE","1357.52","203628","1.3731","1.8072"
"GC_D14_C_6","Roey207-18-6_S40","Roey207-18-6_S40_L001_R1_001_noPrimers.fastq.gz","Glomeris connexa Day 14 replicate 3","Glomeris connexa","23/09/2020","Labelled","14","3","30/10/2020","2","406","1.23","27.1.2021","4","18_6","18","6","FALSE","30038.57","4505785","1.3728","1.7977"
"GC_D14_C_7","Roey215-18-7_S48","Roey215-18-7_S48_L001_R1_001_noPrimers.fastq.gz","Glomeris connexa Day 14 replicate 3","Glomeris connexa","23/09/2020","Labelled","14","3","30/10/2020","2","406","1.23","27.1.2021","4","18_7","18","7","FALSE","87264.52","13089677","1.3725","1.7882"
"GC_D14_C_8","Roey223-18-8_S56","Roey223-18-8_S56_L001_R1_001_noPrimers.fastq.gz","Glomeris connexa Day 14 replicate 3","Glomeris connexa","23/09/2020","Labelled","14","3","30/10/2020","2","406","1.23","27.1.2021","4","18_8","18","8","FALSE","33431.95","5014793","1.3722","1.7787"
"GC_D14_C_9","Roey231-18-9_S64","Roey231-18-9_S64_L001_R1_001_noPrimers.fastq.gz","Glomeris connexa Day 14 replicate 3","Glomeris connexa","23/09/2020","Labelled","14","3","30/10/2020","2","406","1.23","27.1.2021","4","18_9","18","9","FALSE","5249.82","787472","1.3718","1.7661"
"GC_D3_A_10","Roey234-13-10_S67","Roey234-13-10_S67_L001_R1_001_noPrimers.fastq.gz","Glomeris connexa Day 3 replicate 1","Glomeris connexa","23/09/2020","Labelled","3","1","30/10/2020","2","570","0.9","26.1.2021","3","13_10","13","10","FALSE","1824.23","273634","1.3714","1.7534"
"GC_D3_A_11","Roey242-13-11_S75","Roey242-13-11_S75_L001_R1_001_noPrimers.fastq.gz","Glomeris connexa Day 3 replicate 1","Glomeris connexa","23/09/2020","Labelled","3","1","30/10/2020","2","570","0.9","27.1.2021","4","13_11","13","11","FALSE","1607.87","241181","1.3711","1.7439"
"GC_D3_A_2","Roey170-13-2_S3","Roey170-13-2_S3_L001_R1_001_noPrimers.fastq.gz","Glomeris connexa Day 3 replicate 1","Glomeris connexa","23/09/2020","Labelled","3","1","30/10/2020","2","570","0.9","27.1.2021","4","13_2","13","2","FALSE","224.29","33644","1.3741","1.8389"
"GC_D3_A_3","Roey178-13-3_S11","Roey178-13-3_S11_L001_R1_001_noPrimers.fastq.gz","Glomeris connexa Day 3 replicate 1","Glomeris connexa","23/09/2020","Labelled","3","1","30/10/2020","2","570","0.9","27.1.2021","4","13_3","13","3","FALSE","211.13","31670","1.3737","1.8262"
"GC_D3_A_4","Roey186-13-4_S19","Roey186-13-4_S19_L001_R1_001_noPrimers.fastq.gz","Glomeris connexa Day 3 replicate 1","Glomeris connexa","23/09/2020","Labelled","3","1","30/10/2020","2","570","0.9","27.1.2021","4","13_4","13","4","FALSE","127.08","19062","1.3734","1.8167"
"GC_D3_A_5","Roey194-13-5_S27","Roey194-13-5_S27_L001_R1_001_noPrimers.fastq.gz","Glomeris connexa Day 3 replicate 1","Glomeris connexa","23/09/2020","Labelled","3","1","30/10/2020","2","570","0.9","26.1.2021","3","13_5","13","5","FALSE","1051.85","157777","1.3731","1.8072"
"GC_D3_A_6","Roey202-13-6_S35","Roey202-13-6_S35_L001_R1_001_noPrimers.fastq.gz","Glomeris connexa Day 3 replicate 1","Glomeris connexa","23/09/2020","Labelled","3","1","30/10/2020","2","570","0.9","26.1.2021","3","13_6","13","6","FALSE","11623.6","1743540","1.3727","1.7946"
"GC_D3_A_7","Roey210-13-7_S43","Roey210-13-7_S43_L001_R1_001_noPrimers.fastq.gz","Glomeris connexa Day 3 replicate 1","Glomeris connexa","23/09/2020","Labelled","3","1","30/10/2020","2","570","0.9","26.1.2021","3","13_7","13","7","FALSE","27840.39","4176058","1.3724","1.7851"
"GC_D3_A_8","Roey218-13-8_S51","Roey218-13-8_S51_L001_R1_001_noPrimers.fastq.gz","Glomeris connexa Day 3 replicate 1","Glomeris connexa","23/09/2020","Labelled","3","1","30/10/2020","2","570","0.9","26.1.2021","3","13_8","13","8","FALSE","9338.14","1400721","1.3721","1.7756"
"GC_D3_A_9","Roey226-13-9_S59","Roey226-13-9_S59_L001_R1_001_noPrimers.fastq.gz","Glomeris connexa Day 3 replicate 1","Glomeris connexa","23/09/2020","Labelled","3","1","30/10/2020","2","570","0.9","26.1.2021","3","13_9","13","9","FALSE","2054.42","308162","1.3717","1.7629"
"GC_D3_B_10","Roey235-14-10_S68","Roey235-14-10_S68_L001_R1_001_noPrimers.fastq.gz","Glomeris connexa Day 3 replicate 2","Glomeris connexa","23/09/2020","Labelled","3","2","30/10/2020","2","896","0.5","26.1.2021","3","14_10","14","10","FALSE","1190.49","178573","1.3714","1.7534"
"GC_D3_B_11","Roey243-14-11_S76","Roey243-14-11_S76_L001_R1_001_noPrimers.fastq.gz","Glomeris connexa Day 3 replicate 2","Glomeris connexa","23/09/2020","Labelled","3","2","30/10/2020","2","896","0.5","27.1.2021","4","14_11","14","11","FALSE","1280.19","192029","1.371","1.7407"
"GC_D3_B_2","Roey171-14-2_S4","Roey171-14-2_S4_L001_R1_001_noPrimers.fastq.gz","Glomeris connexa Day 3 replicate 2","Glomeris connexa","23/09/2020","Labelled","3","2","30/10/2020","2","896","0.5","27.1.2021","4","14_2","14","2","FALSE","561.4","84210","1.3743","1.8452"
"GC_D3_B_3","Roey179-14-3_S12","Roey179-14-3_S12_L001_R1_001_noPrimers.fastq.gz","Glomeris connexa Day 3 replicate 2","Glomeris connexa","23/09/2020","Labelled","3","2","30/10/2020","2","896","0.5","27.1.2021","4","14_3","14","3","FALSE","270.81","40621","1.3737","1.8262"
"GC_D3_B_4","Roey187-14-4_S20","Roey187-14-4_S20_L001_R1_001_noPrimers.fastq.gz","Glomeris connexa Day 3 replicate 2","Glomeris connexa","23/09/2020","Labelled","3","2","30/10/2020","2","896","0.5","27.1.2021","4","14_4","14","4","FALSE","126.24","18937","1.3733","1.8135"
"GC_D3_B_5","Roey195-14-5_S28","Roey195-14-5_S28_L001_R1_001_noPrimers.fastq.gz","Glomeris connexa Day 3 replicate 2","Glomeris connexa","23/09/2020","Labelled","3","2","30/10/2020","2","896","0.5","26.1.2021","3","14_5","14","5","FALSE","1288.56","193284","1.373","1.8041"
"GC_D3_B_6","Roey203-14-6_S36","Roey203-14-6_S36_L001_R1_001_noPrimers.fastq.gz","Glomeris connexa Day 3 replicate 2","Glomeris connexa","23/09/2020","Labelled","3","2","30/10/2020","2","896","0.5","26.1.2021","3","14_6","14","6","FALSE","2797.15","419572","1.3727","1.7946"
"GC_D3_B_7","Roey211-14-7_S44","Roey211-14-7_S44_L001_R1_001_noPrimers.fastq.gz","Glomeris connexa Day 3 replicate 2","Glomeris connexa","23/09/2020","Labelled","3","2","30/10/2020","2","896","0.5","26.1.2021","3","14_7","14","7","FALSE","26849.1","4027365","1.3724","1.7851"
"GC_D3_B_8","Roey219-14-8_S52","Roey219-14-8_S52_L001_R1_001_noPrimers.fastq.gz","Glomeris connexa Day 3 replicate 2","Glomeris connexa","23/09/2020","Labelled","3","2","30/10/2020","2","896","0.5","26.1.2021","3","14_8","14","8","FALSE","10674.22","1601133","1.3721","1.7756"
"GC_D3_B_9","Roey227-14-9_S60","Roey227-14-9_S60_L001_R1_001_noPrimers.fastq.gz","Glomeris connexa Day 3 replicate 2","Glomeris connexa","23/09/2020","Labelled","3","2","30/10/2020","2","896","0.5","26.1.2021","3","14_9","14","9","FALSE","3123.5","468526","1.3717","1.7629"
"GC_D3_C_10","Roey236-15-10_S69","Roey236-15-10_S69_L001_R1_001_noPrimers.fastq.gz","Glomeris connexa Day 3 replicate 3","Glomeris connexa","23/09/2020","Labelled","3","3","30/10/2020","2","817","0.61","26.1.2021","3","15_10","15","10","FALSE","1840.92","276139","1.3714","1.7534"
"GC_D3_C_11","Roey244-15-11_S77","Roey244-15-11_S77_L001_R1_001_noPrimers.fastq.gz","Glomeris connexa Day 3 replicate 3","Glomeris connexa","23/09/2020","Labelled","3","3","30/10/2020","2","817","0.61","27.1.2021","4","15_11","15","11","FALSE","2887.49","433123","1.3711","1.7439"
"GC_D3_C_2","Roey172-15-2_S5","Roey172-15-2_S5_L001_R1_001_noPrimers.fastq.gz","Glomeris connexa Day 3 replicate 3","Glomeris connexa","23/09/2020","Labelled","3","3","30/10/2020","2","817","0.61","27.1.2021","4","15_2","15","2","FALSE","156.47","23470","1.3743","1.8452"
"GC_D3_C_3","Roey180-15-3_S13","Roey180-15-3_S13_L001_R1_001_noPrimers.fastq.gz","Glomeris connexa Day 3 replicate 3","Glomeris connexa","23/09/2020","Labelled","3","3","30/10/2020","2","817","0.61","27.1.2021","4","15_3","15","3","FALSE","263.02","39453","1.3738","1.8294"
"GC_D3_C_4","Roey188-15-4_S21","Roey188-15-4_S21_L001_R1_001_noPrimers.fastq.gz","Glomeris connexa Day 3 replicate 3","Glomeris connexa","23/09/2020","Labelled","3","3","30/10/2020","2","817","0.61","27.1.2021","4","15_4","15","4","FALSE","145.49","21824","1.3734","1.8167"
"GC_D3_C_5","Roey196-15-5_S29","Roey196-15-5_S29_L001_R1_001_noPrimers.fastq.gz","Glomeris connexa Day 3 replicate 3","Glomeris connexa","23/09/2020","Labelled","3","3","30/10/2020","2","817","0.61","26.1.2021","3","15_5","15","5","FALSE","624.3","93645","1.373","1.8041"
"GC_D3_C_6","Roey204-15-6_S37","Roey204-15-6_S37_L001_R1_001_noPrimers.fastq.gz","Glomeris connexa Day 3 replicate 3","Glomeris connexa","23/09/2020","Labelled","3","3","30/10/2020","2","817","0.61","26.1.2021","3","15_6","15","6","FALSE","12182.36","1827354","1.3727","1.7946"
"GC_D3_C_7","Roey212-15-7_S45","Roey212-15-7_S45_L001_R1_001_noPrimers.fastq.gz","Glomeris connexa Day 3 replicate 3","Glomeris connexa","23/09/2020","Labelled","3","3","30/10/2020","2","817","0.61","26.1.2021","3","15_7","15","7","FALSE","52244.45","7836668","1.3724","1.7851"
"GC_D3_C_8","Roey220-15-8_S53","Roey220-15-8_S53_L001_R1_001_noPrimers.fastq.gz","Glomeris connexa Day 3 replicate 3","Glomeris connexa","23/09/2020","Labelled","3","3","30/10/2020","2","817","0.61","26.1.2021","3","15_8","15","8","FALSE","23312.65","3496898","1.3721","1.7756"
"GC_D3_C_9","Roey228-15-9_S61","Roey228-15-9_S61_L001_R1_001_noPrimers.fastq.gz","Glomeris connexa Day 3 replicate 3","Glomeris connexa","23/09/2020","Labelled","3","3","30/10/2020","2","817","0.61","26.1.2021","3","15_9","15","9","FALSE","3962.54","594381","1.3718","1.7661"
"GC_D7_A_10","Roey156-7-10_S149","Roey156-7-10_S149_L001_R1_001_noPrimers.fastq.gz","Glomeris connexa Day 7 replicate 1","Glomeris connexa","23/09/2020","Labelled","7","1","23/10/2020","1","368","1.35","27.1.2021","4","7_10","7","10","FALSE","3081.06","462159","1.3712","1.7471"
"GC_D7_A_11","Roey164-7-11_S157","Roey164-7-11_S157_L001_R1_001_noPrimers.fastq.gz","Glomeris connexa Day 7 replicate 1","Glomeris connexa","23/09/2020","Labelled","7","1","23/10/2020","1","368","1.35","27.1.2021","4","7_11","7","11","FALSE","5820.29","873044","1.3708","1.7344"
"GC_D7_A_2","Roey092-7-2_S85","Roey092-7-2_S85_L001_R1_001_noPrimers.fastq.gz","Glomeris connexa Day 7 replicate 1","Glomeris connexa","23/09/2020","Labelled","7","1","23/10/2020","1","368","1.35","27.1.2021","4","7_2","7","2","FALSE","293.7","44055","1.374","1.8357"
"GC_D7_A_3","Roey100-7-3_S93","Roey100-7-3_S93_L001_R1_001_noPrimers.fastq.gz","Glomeris connexa Day 7 replicate 1","Glomeris connexa","23/09/2020","Labelled","7","1","23/10/2020","1","368","1.35","27.1.2021","4","7_3","7","3","FALSE","471.38","70708","1.3736","1.823"
"GC_D7_A_4","Roey108-7-4_S101","Roey108-7-4_S101_L001_R1_001_noPrimers.fastq.gz","Glomeris connexa Day 7 replicate 1","Glomeris connexa","23/09/2020","Labelled","7","1","23/10/2020","1","368","1.35","27.1.2021","4","7_4","7","4","FALSE","11010.52","1651578","1.3732","1.8104"
"GC_D7_A_5","Roey116-7-5_S109","Roey116-7-5_S109_L001_R1_001_noPrimers.fastq.gz","Glomeris connexa Day 7 replicate 1","Glomeris connexa","23/09/2020","Labelled","7","1","23/10/2020","1","368","1.35","26.1.2021","3","7_5","7","5","FALSE","20532.85","3079927","1.3729","1.8009"
"GC_D7_A_6","Roey124-7-6_S117","Roey124-7-6_S117_L001_R1_001_noPrimers.fastq.gz","Glomeris connexa Day 7 replicate 1","Glomeris connexa","23/09/2020","Labelled","7","1","23/10/2020","1","368","1.35","26.1.2021","3","7_6","7","6","FALSE","171958.77","25793815","1.3726","1.7914"
"GC_D7_A_7","Roey132-7-7_S125","Roey132-7-7_S125_L001_R1_001_noPrimers.fastq.gz","Glomeris connexa Day 7 replicate 1","Glomeris connexa","23/09/2020","Labelled","7","1","23/10/2020","1","368","1.35","26.1.2021","3","7_7","7","7","FALSE","269417","40412550","1.3722","1.7787"
"GC_D7_A_8","Roey140-7-8_S133","Roey140-7-8_S133_L001_R1_001_noPrimers.fastq.gz","Glomeris connexa Day 7 replicate 1","Glomeris connexa","23/09/2020","Labelled","7","1","23/10/2020","1","368","1.35","26.1.2021","3","7_8","7","8","FALSE","91742.59","13761389","1.3719","1.7692"
"GC_D7_A_9","Roey148-7-9_S141","Roey148-7-9_S141_L001_R1_001_noPrimers.fastq.gz","Glomeris connexa Day 7 replicate 1","Glomeris connexa","23/09/2020","Labelled","7","1","23/10/2020","1","368","1.35","26.1.2021","3","7_9","7","9","FALSE","15133.16","2269974","1.3716","1.7597"
"GC_D7_B_10","Roey157-8-10_S150","Roey157-8-10_S150_L001_R1_001_noPrimers.fastq.gz","Glomeris connexa Day 7 replicate 2","Glomeris connexa","23/09/2020","Labelled","7","2","23/10/2020","1","198","2.52","27.1.2021","4","8_10","8","10","FALSE","1902.01","285301","1.3713","1.7502"
"GC_D7_B_11","Roey165-8-11_S158","Roey165-8-11_S158_L001_R1_001_noPrimers.fastq.gz","Glomeris connexa Day 7 replicate 2","Glomeris connexa","23/09/2020","Labelled","7","2","23/10/2020","1","198","2.52","27.1.2021","4","8_11","8","11","FALSE","878.15","131722","1.3709","1.7376"
"GC_D7_B_2","Roey093-8-2_S86","Roey093-8-2_S86_L001_R1_001_noPrimers.fastq.gz","Glomeris connexa Day 7 replicate 2","Glomeris connexa","23/09/2020","Labelled","7","2","23/10/2020","1","198","2.52","27.1.2021","4","8_2","8","2","FALSE","170.09","25513","1.374","1.8357"
"GC_D7_B_3","Roey101-8-3_S94","Roey101-8-3_S94_L001_R1_001_noPrimers.fastq.gz","Glomeris connexa Day 7 replicate 2","Glomeris connexa","23/09/2020","Labelled","7","2","23/10/2020","1","198","2.52","27.1.2021","4","8_3","8","3","FALSE","390.68","58602","1.3736","1.823"
"GC_D7_B_4","Roey109-8-4_S102","Roey109-8-4_S102_L001_R1_001_noPrimers.fastq.gz","Glomeris connexa Day 7 replicate 2","Glomeris connexa","23/09/2020","Labelled","7","2","23/10/2020","1","198","2.52","27.1.2021","4","8_4","8","4","FALSE","772.65","115898","1.3732","1.8104"
"GC_D7_B_5","Roey117-8-5_S110","Roey117-8-5_S110_L001_R1_001_noPrimers.fastq.gz","Glomeris connexa Day 7 replicate 2","Glomeris connexa","23/09/2020","Labelled","7","2","23/10/2020","1","198","2.52","26.1.2021","3","8_5","8","5","FALSE","2810.98","421647","1.3729","1.8009"
"GC_D7_B_6","Roey125-8-6_S118","Roey125-8-6_S118_L001_R1_001_noPrimers.fastq.gz","Glomeris connexa Day 7 replicate 2","Glomeris connexa","23/09/2020","Labelled","7","2","23/10/2020","1","198","2.52","26.1.2021","3","8_6","8","6","FALSE","23152.94","3472941","1.3726","1.7914"
"GC_D7_B_7","Roey133-8-7_S126","Roey133-8-7_S126_L001_R1_001_noPrimers.fastq.gz","Glomeris connexa Day 7 replicate 2","Glomeris connexa","23/09/2020","Labelled","7","2","23/10/2020","1","198","2.52","26.1.2021","3","8_7","8","7","FALSE","78685.75","11802863","1.3723","1.7819"
"GC_D7_B_8","Roey141-8-8_S134","Roey141-8-8_S134_L001_R1_001_noPrimers.fastq.gz","Glomeris connexa Day 7 replicate 2","Glomeris connexa","23/09/2020","Labelled","7","2","23/10/2020","1","198","2.52","26.1.2021","3","8_8","8","8","FALSE","20556.62","3083493","1.372","1.7724"
"GC_D7_B_9","Roey149-8-9_S142","Roey149-8-9_S142_L001_R1_001_noPrimers.fastq.gz","Glomeris connexa Day 7 replicate 2","Glomeris connexa","23/09/2020","Labelled","7","2","23/10/2020","1","198","2.52","26.1.2021","3","8_9","8","9","FALSE","1959.67","293950","1.3716","1.7597"
"GC_D7_C_10","Roey158-9-10_S151","Roey158-9-10_S151_L001_R1_001_noPrimers.fastq.gz","Glomeris connexa Day 7 replicate 3","Glomeris connexa","23/09/2020","Labelled","7","3","23/10/2020","1","552","0.9","27.1.2021","4","9_10","9","10","FALSE","337.15","50572","1.3713","1.7502"
"GC_D7_C_11","Roey166-9-11_S159","Roey166-9-11_S159_L001_R1_001_noPrimers.fastq.gz","Glomeris connexa Day 7 replicate 3","Glomeris connexa","23/09/2020","Labelled","7","3","23/10/2020","1","552","0.9","27.1.2021","4","9_11","9","11","FALSE","557.18","83577","1.3709","1.7376"
"GC_D7_C_2","Roey094-9-2_S87","Roey094-9-2_S87_L001_R1_001_noPrimers.fastq.gz","Glomeris connexa Day 7 replicate 3","Glomeris connexa","23/09/2020","Labelled","7","3","23/10/2020","1","552","0.9","27.1.2021","4","9_2","9","2","FALSE","881.65","132248","1.374","1.8357"
"GC_D7_C_3","Roey102-9-3_S95","Roey102-9-3_S95_L001_R1_001_noPrimers.fastq.gz","Glomeris connexa Day 7 replicate 3","Glomeris connexa","23/09/2020","Labelled","7","3","23/10/2020","1","552","0.9","27.1.2021","4","9_3","9","3","FALSE","193.63","29044","1.3737","1.8262"
"GC_D7_C_4","Roey110-9-4_S103","Roey110-9-4_S103_L001_R1_001_noPrimers.fastq.gz","Glomeris connexa Day 7 replicate 3","Glomeris connexa","23/09/2020","Labelled","7","3","23/10/2020","1","552","0.9","27.1.2021","4","9_4","9","4","FALSE","163.97","24596","1.3733","1.8135"
"GC_D7_C_5","Roey118-9-5_S111","Roey118-9-5_S111_L001_R1_001_noPrimers.fastq.gz","Glomeris connexa Day 7 replicate 3","Glomeris connexa","23/09/2020","Labelled","7","3","23/10/2020","1","552","0.9","27.1.2021","4","9_5","9","5","FALSE","326.04","48907","1.3729","1.8009"
"GC_D7_C_6","Roey126-9-6_S119","Roey126-9-6_S119_L001_R1_001_noPrimers.fastq.gz","Glomeris connexa Day 7 replicate 3","Glomeris connexa","23/09/2020","Labelled","7","3","23/10/2020","1","552","0.9","26.1.2021","3","9_6","9","6","FALSE","2894.74","434211","1.3726","1.7914"
"GC_D7_C_7","Roey134-9-7_S127","Roey134-9-7_S127_L001_R1_001_noPrimers.fastq.gz","Glomeris connexa Day 7 replicate 3","Glomeris connexa","23/09/2020","Labelled","7","3","23/10/2020","1","552","0.9","26.1.2021","3","9_7","9","7","FALSE","9646.4","1446960","1.3723","1.7819"
"GC_D7_C_8","Roey142-9-8_S135","Roey142-9-8_S135_L001_R1_001_noPrimers.fastq.gz","Glomeris connexa Day 7 replicate 3","Glomeris connexa","23/09/2020","Labelled","7","3","23/10/2020","1","552","0.9","26.1.2021","3","9_8","9","8","FALSE","3773.22","565983","1.372","1.7724"
"GC_D7_C_9","Roey150-9-9_S143","Roey150-9-9_S143_L001_R1_001_noPrimers.fastq.gz","Glomeris connexa Day 7 replicate 3","Glomeris connexa","23/09/2020","Labelled","7","3","23/10/2020","1","552","0.9","26.1.2021","3","9_9","9","9","FALSE","1103.39","165508","1.3716","1.7597"
"Mock","Roey082-Mock-com_S242","Roey082-Mock-com_S242_L001_R1_001_noPrimers.fastq.gz","NA","NA","NA","NA","NA","NA","NA","NA","NA","NA","14.1.2021","1","Mock Com.","NA","NA","FALSE","NA","NA","NA","NA"
"NTC 22","Roey086-NTC-22_S246","Roey086-NTC-22_S246_L001_R1_001_noPrimers.fastq.gz","NA","NA","NA","NA","NA","NA","NA","NA","NA","NA","14.1.2021, 27.1.2021","4","NTC 22","NA","NA","TRUE","NA","NA","NA","NA"
"NTC 25","Roey087-NTC-25_S247","Roey087-NTC-25_S247_L001_R1_001_noPrimers.fastq.gz","NA","NA","NA","NA","NA","NA","NA","NA","NA","NA","15.1.2021, 26.1.2021, 28.1.2021","5","NTC 25","NA","NA","TRUE","NA","NA","NA","NA"
"NTC28","Roey081-NTC-28_S241","Roey081-NTC-28_S241_L001_R1_001_noPrimers.fastq.gz","NA","NA","NA","NA","NA","NA","NA","NA","NA","NA","27.1.2021","4","NTC28","NA","NA","TRUE","NA","NA","NA","NA"
"EP_D21_13C_A_2","Roey071-E1-2_S71","Roey071-E1-2_S71_L001_R1_001_noPrimers.fastq.gz ","Epibolus pulchripes Day 21 replicate 1","Epibolus pulchripes","10-10-2020","Labelled","21","1","10/082021","1","123","4.1","12.08.2021","1","E1_2","25","2","FALSE","83004.47","12450670.31","1.3744","1.8327"
"EP_D21_13C_A_3","Roey079-E1-3_S79","Roey079-E1-3_S79_L001_R1_001_noPrimers.fastq.gz ","Epibolus pulchripes Day 21 replicate 1","Epibolus pulchripes","10-10-2020","Labelled","21","1","10/082021","1","123","4.1","12.08.2021","1","E1_3","25","3","FALSE","631640.69","94746103.13","1.374","1.8195"
"EP_D21_13C_A_4","Roey087-E1-4_S87","Roey087-E1-4_S87_L001_R1_001_noPrimers.fastq.gz ","Epibolus pulchripes Day 21 replicate 1","Epibolus pulchripes","10-10-2020","Labelled","21","1","10/082021","1","123","4.1","12.08.2021","1","E1_4","25","4","FALSE","1991444.5","298716675","1.3738","1.8128"
"EP_D21_13C_A_5","Roey095-E1-5_S95","Roey095-E1-5_S95_L001_R1_001_noPrimers.fastq.gz ","Epibolus pulchripes Day 21 replicate 1","Epibolus pulchripes","10-10-2020","Labelled","21","1","10/082021","1","123","4.1","12.08.2021","1","E1_5","25","5","FALSE","1450156.75","217523512.5","1.3735","1.8029"
"EP_D21_13C_A_6","Roey103-E1-6_S103","Roey103-E1-6_S103_L001_R1_001_noPrimers.fastq.gz ","Epibolus pulchripes Day 21 replicate 1","Epibolus pulchripes","10-10-2020","Labelled","21","1","10/082021","1","123","4.1","12.08.2021","1","E1_6","25","6","FALSE","919927.88","137989181.25","1.3732","1.793"
"EP_D21_13C_A_7","Roey111-E1-7_S111","Roey111-E1-7_S111_L001_R1_001_noPrimers.fastq.gz ","Epibolus pulchripes Day 21 replicate 1","Epibolus pulchripes","10-10-2020","Labelled","21","1","10/082021","1","123","4.1","12.08.2021","1","E1_7","25","7","FALSE","454524.38","68178656.25","1.373","1.7864"
"EP_D21_13C_A_8","Roey119-E1-8_S119","Roey119-E1-8_S119_L001_R1_001_noPrimers.fastq.gz ","Epibolus pulchripes Day 21 replicate 1","Epibolus pulchripes","10-10-2020","Labelled","21","1","10/082021","1","123","4.1","12.08.2021","1","E1_8","25","8","FALSE","214608.75","32191312.5","1.3727","1.7765"
"EP_D21_13C_A_9","Roey127-E1-9_S127","Roey127-E1-9_S127_L001_R1_001_noPrimers.fastq.gz ","Epibolus pulchripes Day 21 replicate 1","Epibolus pulchripes","10-10-2020","Labelled","21","1","10/082021","1","123","4.1","12.08.2021","1","E1_9","25","9","FALSE","112667.97","16900195.31","1.3724","1.7666"
"EP_D21_13C_A_10","Roey135-E1-10_S135","Roey135-E1-10_S135_L001_R1_001_noPrimers.fastq.gz ","Epibolus pulchripes Day 21 replicate 1","Epibolus pulchripes","10-10-2020","Labelled","21","1","10/082021","1","123","4.1","12.08.2021","1","E1_10","25","10","FALSE","59249.95","8887492.97","1.3722","1.76"
"EP_D21_13C_A_11","Roey143-E1-11_S143","Roey143-E1-11_S143_L001_R1_001_noPrimers.fastq.gz ","Epibolus pulchripes Day 21 replicate 1","Epibolus pulchripes","10-10-2020","Labelled","21","1","10/082021","1","123","4.1","12.08.2021","1","E1_11","25","11","FALSE","56488.95","8473342.97","1.3719","1.7501"
"EP_D21_13C_B_2","Roey072-E2-2_S72","Roey072-E2-2_S72_L001_R1_001_noPrimers.fastq.gz ","Epibolus pulchripes Day 21 replicate 2","Epibolus pulchripes","10-10-2020","Labelled","21","2","10/082021","1","305","1.6","12.08.2021","1","E2_2","26","2","FALSE","126693.15","19003972.27","1.3743","1.8294"
"EP_D21_13C_B_3","Roey080-E2-3_S80","Roey080-E2-3_S80_L001_R1_001_noPrimers.fastq.gz ","Epibolus pulchripes Day 21 replicate 2","Epibolus pulchripes","10-10-2020","Labelled","21","2","10/082021","1","305","1.6","12.08.2021","1","E2_3","26","3","FALSE","226674.5","34001175","1.374","1.8195"
"EP_D21_13C_B_4","Roey088-E2-4_S88","Roey088-E2-4_S88_L001_R1_001_noPrimers.fastq.gz ","Epibolus pulchripes Day 21 replicate 2","Epibolus pulchripes","10-10-2020","Labelled","21","2","10/082021","1","305","1.6","12.08.2021","1","E2_4","26","4","FALSE","409367.88","61405181.25","1.3738","1.8128"
"EP_D21_13C_B_5","Roey096-E2-5_S96","Roey096-E2-5_S96_L001_R1_001_noPrimers.fastq.gz ","Epibolus pulchripes Day 21 replicate 2","Epibolus pulchripes","10-10-2020","Labelled","21","2","10/082021","1","305","1.6","12.08.2021","1","E2_5","26","5","FALSE","258183.59","38727539.06","1.3734","1.7996"
"EP_D21_13C_B_6","Roey104-E2-6_S104","Roey104-E2-6_S104_L001_R1_001_noPrimers.fastq.gz ","Epibolus pulchripes Day 21 replicate 2","Epibolus pulchripes","10-10-2020","Labelled","21","2","10/082021","1","305","1.6","12.08.2021","1","E2_6","26","6","FALSE","488015.5","73202325","1.3731","1.7897"
"EP_D21_13C_B_7","Roey112-E2-7_S112","Roey112-E2-7_S112_L001_R1_001_noPrimers.fastq.gz ","Epibolus pulchripes Day 21 replicate 2","Epibolus pulchripes","10-10-2020","Labelled","21","2","10/082021","1","305","1.6","12.08.2021","1","E2_7","26","7","FALSE","110836.84","16625526.56","1.3729","1.7831"
"EP_D21_13C_B_8","EP_D21_13C_B_8","NA","Epibolus pulchripes Day 21 replicate 2","Epibolus pulchripes","10-10-2020","Labelled","21","2","10/082021","1","305","1.6","12.08.2021","1","E2_8","26","8","FALSE","36956.45","5543466.8","1.3726","1.7732"
"EP_D21_13C_B_9","Roey120-E2-9_S120","Roey120-E2-9_S120_L001_R1_001_noPrimers.fastq.gz ","Epibolus pulchripes Day 21 replicate 2","Epibolus pulchripes","10-10-2020","Labelled","21","2","10/082021","1","305","1.6","12.08.2021","1","E2_9","26","9","FALSE","34803.59","5220538.48","1.3723","1.7633"
"EP_D21_13C_B_10","Roey128-E2-10_S128","Roey128-E2-10_S128_L001_R1_001_noPrimers.fastq.gz ","Epibolus pulchripes Day 21 replicate 2","Epibolus pulchripes","10-10-2020","Labelled","21","2","10/082021","1","305","1.6","12.08.2021","1","E2_10","26","10","FALSE","11472.56","1720884.38","1.3721","1.7567"
"EP_D21_13C_B_11","Roey136-E2-11_S136","Roey136-E2-11_S136_L001_R1_001_noPrimers.fastq.gz ","Epibolus pulchripes Day 21 replicate 2","Epibolus pulchripes","10-10-2020","Labelled","21","2","10/082021","1","305","1.6","12.08.2021","1","E2_11","26","11","FALSE","5765.87","864880.66","1.3718","1.7468"
"EP_D21_13C_C_2","Roey076-E3-2_S76","Roey076-E3-2_S76_L001_R1_001_noPrimers.fastq.gz ","Epibolus pulchripes Day 21 replicate 3","Epibolus pulchripes","10-10-2020","Labelled","21","3","10/082021","1","262","1.9","12.08.2021","1","E3_2","27","2","FALSE","59363.74","8904561.33","1.3743","1.8294"
"EP_D21_13C_C_3","Roey081-E3-3_S81","Roey081-E3-3_S81_L001_R1_001_noPrimers.fastq.gz ","Epibolus pulchripes Day 21 replicate 3","Epibolus pulchripes","10-10-2020","Labelled","21","3","10/082021","1","262","1.9","12.08.2021","1","E3_3","27","3","FALSE","1426008.75","213901312.5","1.374","1.8195"
"EP_D21_13C_C_4","Roey089-E3-4_S89","Roey089-E3-4_S89_L001_R1_001_noPrimers.fastq.gz ","Epibolus pulchripes Day 21 replicate 3","Epibolus pulchripes","10-10-2020","Labelled","21","3","10/082021","1","262","1.9","12.08.2021","1","E3_4","27","4","FALSE","303213.09","45481964.06","1.3737","1.8095"
"EP_D21_13C_C_5","Roey097-E3-5_S97","Roey097-E3-5_S97_L001_R1_001_noPrimers.fastq.gz ","Epibolus pulchripes Day 21 replicate 3","Epibolus pulchripes","10-10-2020","Labelled","21","3","10/082021","1","262","1.9","12.08.2021","1","E3_5","27","5","FALSE","307205.69","46080853.13","1.3734","1.7996"
"EP_D21_13C_C_6","Roey105-E3-6_S105","Roey105-E3-6_S105_L001_R1_001_noPrimers.fastq.gz ","Epibolus pulchripes Day 21 replicate 3","Epibolus pulchripes","10-10-2020","Labelled","21","3","10/082021","1","262","1.9","12.08.2021","1","E3_6","27","6","FALSE","68640.59","10296087.89","1.3732","1.793"
"EP_D21_13C_C_7","Roey113-E3-7_S113","Roey113-E3-7_S113_L001_R1_001_noPrimers.fastq.gz ","Epibolus pulchripes Day 21 replicate 3","Epibolus pulchripes","10-10-2020","Labelled","21","3","10/082021","1","262","1.9","12.08.2021","1","E3_7","27","7","FALSE","26958.59","4043787.89","1.3729","1.7831"
"EP_D21_13C_C_8","Roey121-E3-8_S121","Roey121-E3-8_S121_L001_R1_001_noPrimers.fastq.gz ","Epibolus pulchripes Day 21 replicate 3","Epibolus pulchripes","10-10-2020","Labelled","21","3","10/082021","1","262","1.9","12.08.2021","1","E3_8","27","8","FALSE","46.09","6913.49","1.3727","1.7765"
"EP_D21_13C_C_9","Roey129-E3-9_S129","Roey129-E3-9_S129_L001_R1_001_noPrimers.fastq.gz ","Epibolus pulchripes Day 21 replicate 3","Epibolus pulchripes","10-10-2020","Labelled","21","3","10/082021","1","262","1.9","12.08.2021","1","E3_9","27","9","FALSE","51.13","7668.78","1.3724","1.7666"
"EP_D21_13C_C_10","Roey137-E3-10_S137","Roey137-E3-10_S137_L001_R1_001_noPrimers.fastq.gz ","Epibolus pulchripes Day 21 replicate 3","Epibolus pulchripes","10-10-2020","Labelled","21","3","10/082021","1","262","1.9","12.08.2021","1","E3_10","27","10","FALSE","1591.5","238724.56","1.3722","1.76"
"EP_D21_13C_C_11","Roey144-E3-11_S144","Roey144-E3-11_S144_L001_R1_001_noPrimers.fastq.gz ","Epibolus pulchripes Day 21 replicate 3","Epibolus pulchripes","10-10-2020","Labelled","21","3","10/082021","1","262","1.9","12.08.2021","1","E3_11","27","11","FALSE","3397.64","509646.53","1.3718","1.7468"
"ECN2_D21_13C_2","Roey077-ECN2-2_S77","Roey077-ECN2-2_S77_L001_R1_001_noPrimers.fastq.gz ","Epibolus pulchripes Day 21","Epibolus pulchripes","10-10-2020","Unlabelled","21","1","10/082021","2","115","3.7","12.08.2021","2","ECN_2","28","2","FALSE","25200.73","3780109.57","1.3743","1.8294"
"ECN2_D21_13C_3","Roey085-ECN2-3_S85 ","Roey085-ECN2-3_S85_L001_R1_001_noPrimers.fastq.gz ","Epibolus pulchripes Day 21","Epibolus pulchripes","10-10-2020","Unlabelled","21","1","10/082021","2","115","3.7","12.08.2021","2","ECN_3","28","3","FALSE","17237.07","2585560.84","1.3739","1.8162"
"ECN2_D21_13C_4","Roey093-ECN2-4_S93","Roey093-ECN2-4_S93_L001_R1_001_noPrimers.fastq.gz ","Epibolus pulchripes Day 21","Epibolus pulchripes","10-10-2020","Unlabelled","21","1","10/082021","2","115","3.7","12.08.2021","2","ECN_4","28","4","FALSE","44186.28","6627942.19","1.3737","1.8095"
"ECN2_D21_13C_5","Roey101-ECN2-5_S101","Roey101-ECN2-5_S101_L001_R1_001_noPrimers.fastq.gz ","Epibolus pulchripes Day 21","Epibolus pulchripes","10-10-2020","Unlabelled","21","1","10/082021","2","115","3.7","12.08.2021","2","ECN_5","28","5","FALSE","729450.38","109417556.25","1.3734","1.7996"
"ECN2_D21_13C_6","Roey109-ECN2-6_S109","Roey109-ECN2-6_S109_L001_R1_001_noPrimers.fastq.gz ","Epibolus pulchripes Day 21","Epibolus pulchripes","10-10-2020","Unlabelled","21","1","10/082021","2","115","3.7","12.08.2021","2","ECN_6","28","6","FALSE","1807435.75","271115362.5","1.3732","1.793"
"ECN2_D21_13C_7","Roey117-ECN2-7_S117","Roey117-ECN2-7_S117_L001_R1_001_noPrimers.fastq.gz ","Epibolus pulchripes Day 21","Epibolus pulchripes","10-10-2020","Unlabelled","21","1","10/082021","2","115","3.7","12.08.2021","2","ECN_7","28","7","FALSE","2937447.5","440617125","1.3729","1.7831"
"ECN2_D21_13C_8","Roey125-ECN2-8_S125","Roey125-ECN2-8_S125_L001_R1_001_noPrimers.fastq.gz ","Epibolus pulchripes Day 21","Epibolus pulchripes","10-10-2020","Unlabelled","21","1","10/082021","2","115","3.7","12.08.2021","2","ECN_8","28","8","FALSE","1083546.63","162531993.75","1.3727","1.7765"
"ECN2_D21_13C_9","Roey133-ECN2-9_S133","Roey133-ECN2-9_S133_L001_R1_001_noPrimers.fastq.gz ","Epibolus pulchripes Day 21","Epibolus pulchripes","10-10-2020","Unlabelled","21","1","10/082021","2","115","3.7","12.08.2021","2","ECN_9","28","9","FALSE","264012.44","39601865.63","1.3724","1.7666"
"ECN2_D21_13C_10","Roey141-ECN2-10_S141","Roey141-ECN2-10_S141_L001_R1_001_noPrimers.fastq.gz ","Epibolus pulchripes Day 21","Epibolus pulchripes","10-10-2020","Unlabelled","21","1","10/082021","2","115","3.7","12.08.2021","2","ECN_10","28","10","FALSE","88594.63","13289194.92","1.3721","1.7567"
"ECN2_D21_13C_11","Roey148-ECN2-11_S148","Roey148-ECN2-11_S148_L001_R1_001_noPrimers.fastq.gz ","Epibolus pulchripes Day 21","Epibolus pulchripes","10-10-2020","Unlabelled","21","1","10/082021","2","115","3.7","12.08.2021","2","ECN_11","28","11","FALSE","34778.55","5216783.2","1.3718","1.7468"
"GC_D21_13C_A_2","Roey074-G1-2_S74","Roey074-G1-2_S74_L001_R1_001_noPrimers.fastq.gz ","Glomeris connexa Day 21 replicate 1","Glomeris connexa","08-07-2021","Labelled","21","1","10/082021","1","135","1.9","12.08.2021","1","G1_2","29","2","FALSE","4305.68","645851.51","1.3742","1.8261"
"GC_D21_13C_A_3","Roey082-G1-3_S82","Roey082-G1-3_S82_L001_R1_001_noPrimers.fastq.gz ","Glomeris connexa Day 21 replicate 1","Glomeris connexa","08-07-2021","Labelled","21","1","10/082021","1","135","1.9","12.08.2021","1","G1_3","29","3","FALSE","14046.03","2106904.69","1.3739","1.8162"
"GC_D21_13C_A_4","Roey090-G1-4_S90","Roey090-G1-4_S90_L001_R1_001_noPrimers.fastq.gz ","Glomeris connexa Day 21 replicate 1","Glomeris connexa","08-07-2021","Labelled","21","1","10/082021","1","135","1.9","12.08.2021","1","G1_4","29","4","FALSE","26830.87","4024630.37","1.3737","1.8095"
"GC_D21_13C_A_5","Roey098-G1-5_S98","Roey098-G1-5_S98_L001_R1_001_noPrimers.fastq.gz ","Glomeris connexa Day 21 replicate 1","Glomeris connexa","08-07-2021","Labelled","21","1","10/082021","1","135","1.9","12.08.2021","1","G1_5","29","5","FALSE","81636.07","12245410.55","1.3733","1.7963"
"GC_D21_13C_A_6","Roey106-G1-6_S106","Roey106-G1-6_S106_L001_R1_001_noPrimers.fastq.gz ","Glomeris connexa Day 21 replicate 1","Glomeris connexa","08-07-2021","Labelled","21","1","10/082021","1","135","1.9","12.08.2021","1","G1_6","29","6","FALSE","32796.47","4919470.31","1.3731","1.7897"
"GC_D21_13C_A_7","Roey114-G1-7_S114","Roey114-G1-7_S114_L001_R1_001_noPrimers.fastq.gz ","Glomeris connexa Day 21 replicate 1","Glomeris connexa","08-07-2021","Labelled","21","1","10/082021","1","135","1.9","12.08.2021","1","G1_7","29","7","FALSE","169732.41","25459860.94","1.3729","1.7831"
"GC_D21_13C_A_8","Roey122-G1-8_S122","Roey122-G1-8_S122_L001_R1_001_noPrimers.fastq.gz ","Glomeris connexa Day 21 replicate 1","Glomeris connexa","08-07-2021","Labelled","21","1","10/082021","1","135","1.9","12.08.2021","1","G1_8","29","8","FALSE","57472.17","8620825.78","1.3726","1.7732"
"GC_D21_13C_A_9","Roey130-G1-9_S130","Roey130-G1-9_S130_L001_R1_001_noPrimers.fastq.gz ","Glomeris connexa Day 21 replicate 1","Glomeris connexa","08-07-2021","Labelled","21","1","10/082021","1","135","1.9","12.08.2021","1","G1_9","29","9","FALSE","36399.27","5459891.02","1.3723","1.7633"
"GC_D21_13C_A_10","Roey138-G1-10_S138","Roey138-G1-10_S138_L001_R1_001_noPrimers.fastq.gz ","Glomeris connexa Day 21 replicate 1","Glomeris connexa","08-07-2021","Labelled","21","1","10/082021","1","135","1.9","12.08.2021","1","G1_10","29","10","FALSE","11581.72","1737257.52","1.3721","1.7567"
"GC_D21_13C_A_11","Roey145-G1-11_S145","Roey145-G1-11_S145_L001_R1_001_noPrimers.fastq.gz ","Glomeris connexa Day 21 replicate 1","Glomeris connexa","08-07-2021","Labelled","21","1","10/082021","1","135","1.9","12.08.2021","1","G1_11","29","11","FALSE","2087.39","313108.59","1.3718","1.7468"
"GC_D21_13C_B_2","Roey075-G2-2_S75","Roey075-G2-2_S75_L001_R1_001_noPrimers.fastq.gz ","Glomeris connexa Day 21 replicate 2","Glomeris connexa","08-07-2021","Labelled","21","2","10/082021","1","269","3.8","12.08.2021","1","G2_2","30","2","FALSE","4944.08","741611.72","1.3743","1.8294"
"GC_D21_13C_B_3","Roey083-G2-3_S83","Roey083-G2-3_S83_L001_R1_001_noPrimers.fastq.gz ","Glomeris connexa Day 21 replicate 2","Glomeris connexa","08-07-2021","Labelled","21","2","10/082021","1","269","3.8","12.08.2021","1","G2_3","30","3","FALSE","23789.37","3568404.79","1.3739","1.8162"
"GC_D21_13C_B_4","Roey091-G2-4_S91","Roey091-G2-4_S91_L001_R1_001_noPrimers.fastq.gz ","Glomeris connexa Day 21 replicate 2","Glomeris connexa","08-07-2021","Labelled","21","2","10/082021","1","269","3.8","12.08.2021","1","G2_4","30","4","FALSE","27775.82","4166372.75","1.3737","1.8095"
"GC_D21_13C_B_5","Roey099-G2-5_S99","Roey099-G2-5_S99_L001_R1_001_noPrimers.fastq.gz ","Glomeris connexa Day 21 replicate 2","Glomeris connexa","08-07-2021","Labelled","21","2","10/082021","1","269","3.8","12.08.2021","1","G2_5","30","5","FALSE","41525.4","6228809.77","1.3734","1.7996"
"GC_D21_13C_B_6","Roey107-G2-6_S107","Roey107-G2-6_S107_L001_R1_001_noPrimers.fastq.gz ","Glomeris connexa Day 21 replicate 2","Glomeris connexa","08-07-2021","Labelled","21","2","10/082021","1","269","3.8","12.08.2021","1","G2_6","30","6","FALSE","59779.92","8966988.28","1.3731","1.7897"
"GC_D21_13C_B_7","Roey115-G2-7_S115","Roey115-G2-7_S115_L001_R1_001_noPrimers.fastq.gz ","Glomeris connexa Day 21 replicate 2","Glomeris connexa","08-07-2021","Labelled","21","2","10/082021","1","269","3.8","12.08.2021","1","G2_7","30","7","FALSE","36511.16","5476673.44","1.3729","1.7831"
"GC_D21_13C_B_8","Roey123-G2-8_S123","Roey123-G2-8_S123_L001_R1_001_noPrimers.fastq.gz ","Glomeris connexa Day 21 replicate 2","Glomeris connexa","08-07-2021","Labelled","21","2","10/082021","1","269","3.8","12.08.2021","1","G2_8","30","8","FALSE","11912.45","1786867.09","1.3726","1.7732"
"GC_D21_13C_B_9","Roey131-G2-9_S131","Roey131-G2-9_S131_L001_R1_001_noPrimers.fastq.gz ","Glomeris connexa Day 21 replicate 2","Glomeris connexa","08-07-2021","Labelled","21","2","10/082021","1","269","3.8","12.08.2021","1","G2_9","30","9","FALSE","7257.42","1088612.26","1.3723","1.7633"
"GC_D21_13C_B_10","Roey139-G2-10_S139","Roey139-G2-10_S139_L001_R1_001_noPrimers.fastq.gz ","Glomeris connexa Day 21 replicate 2","Glomeris connexa","08-07-2021","Labelled","21","2","10/082021","1","269","3.8","12.08.2021","1","G2_10","30","10","FALSE","2423.65","363547.05","1.3721","1.7567"
"GC_D21_13C_B_11","Roey146-G2-11_S146","Roey146-G2-11_S146_L001_R1_001_noPrimers.fastq.gz ","Glomeris connexa Day 21 replicate 2","Glomeris connexa","08-07-2021","Labelled","21","2","10/082021","1","269","3.8","12.08.2021","1","G2_11","30","11","FALSE","2282.44","342365.84","1.3718","1.7468"
"GC_D21_13C_C_2","Roey073-G3-2_S73","Roey073-G3-2_S73_L001_R1_001_noPrimers.fastq.gz ","Glomeris connexa Day 21 replicate 3","Glomeris connexa","08-07-2021","Labelled","21","3","10/082021","1","133","4.4","12.08.2021","1","G3_2","31","2","FALSE","11803.47","1770520.17","1.3742","1.8261"
"GC_D21_13C_C_3","Roey084-G3-3_S84","Roey084-G3-3_S84_L001_R1_001_noPrimers.fastq.gz ","Glomeris connexa Day 21 replicate 3","Glomeris connexa","08-07-2021","Labelled","21","3","10/082021","1","133","4.4","12.08.2021","1","G3_3","31","3","FALSE","26504.18","3975626.66","1.3739","1.8162"
"GC_D21_13C_C_4","Roey092-G3-4_S92","Roey092-G3-4_S92_L001_R1_001_noPrimers.fastq.gz ","Glomeris connexa Day 21 replicate 3","Glomeris connexa","08-07-2021","Labelled","21","3","10/082021","1","133","4.4","12.08.2021","1","G3_4","31","4","FALSE","41355.76","6203364.26","1.3736","1.8062"
"GC_D21_13C_C_5","Roey100-G3-5_S100","Roey100-G3-5_S100_L001_R1_001_noPrimers.fastq.gz ","Glomeris connexa Day 21 replicate 3","Glomeris connexa","08-07-2021","Labelled","21","3","10/082021","1","133","4.4","12.08.2021","1","G3_5","31","5","FALSE","79334.83","11900224.22","1.3734","1.7996"
"GC_D21_13C_C_6","Roey108-G3-6_S108","Roey108-G3-6_S108_L001_R1_001_noPrimers.fastq.gz ","Glomeris connexa Day 21 replicate 3","Glomeris connexa","08-07-2021","Labelled","21","3","10/082021","1","133","4.4","12.08.2021","1","G3_6","31","6","FALSE","86398.69","12959803.13","1.3731","1.7897"
"GC_D21_13C_C_7","Roey116-G3-7_S116","Roey116-G3-7_S116_L001_R1_001_noPrimers.fastq.gz ","Glomeris connexa Day 21 replicate 3","Glomeris connexa","08-07-2021","Labelled","21","3","10/082021","1","133","4.4","12.08.2021","1","G3_7","31","7","FALSE","42478.63","6371793.75","1.3728","1.7798"
"GC_D21_13C_C_8","Roey124-G3-8_S124","Roey124-G3-8_S124_L001_R1_001_noPrimers.fastq.gz ","Glomeris connexa Day 21 replicate 3","Glomeris connexa","08-07-2021","Labelled","21","3","10/082021","1","133","4.4","12.08.2021","1","G3_8","31","8","FALSE","32483.07","4872460.25","1.3726","1.7732"
"GC_D21_13C_C_9","Roey132-G3-9_S132","Roey132-G3-9_S132_L001_R1_001_noPrimers.fastq.gz ","Glomeris connexa Day 21 replicate 3","Glomeris connexa","08-07-2021","Labelled","21","3","10/082021","1","133","4.4","12.08.2021","1","G3_9","31","9","FALSE","399.36","59904.5","1.3723","1.7633"
"GC_D21_13C_C_10","Roey140-G3-10_S140","Roey140-G3-10_S140_L001_R1_001_noPrimers.fastq.gz ","Glomeris connexa Day 21 replicate 3","Glomeris connexa","08-07-2021","Labelled","21","3","10/082021","1","133","4.4","12.08.2021","1","G3_10","31","10","FALSE","5321.9","798284.99","1.3721","1.7567"
"GC_D21_13C_C_11","Roey147-G3-11_S147","Roey147-G3-11_S147_L001_R1_001_noPrimers.fastq.gz ","Glomeris connexa Day 21 replicate 3","Glomeris connexa","08-07-2021","Labelled","21","3","10/082021","1","133","4.4","12.08.2021","1","G3_11","31","11","FALSE","3178.75","476812.21","1.3719","1.7501"
"GCN_D21_13C_2","Roey078-GCN2-2_S78","Roey078-GCN2-2_S78_L001_R1_001_noPrimers.fastq.gz ","Glomeris connexa Day 21","Glomeris connexa","08-07-2021","Unlabelled","21","1","10/082021","2","114","4.4","12.08.2021","2","GCN_2","32","2","FALSE","1499.22","224882.98","1.3744","1.8327"
"GCN_D21_13C_3","Roey086-GCN2-3_S86","Roey086-GCN2-3_S86_L001_R1_001_noPrimers.fastq.gz ","Glomeris connexa Day 21","Glomeris connexa","08-07-2021","Unlabelled","21","1","10/082021","2","114","4.4","12.08.2021","2","GCN_3","32","3","FALSE","3136.36","470454.27","1.374","1.8195"
"GCN_D21_13C_4","Roey094-GCN2-4_S94","Roey094-GCN2-4_S94_L001_R1_001_noPrimers.fastq.gz ","Glomeris connexa Day 21","Glomeris connexa","08-07-2021","Unlabelled","21","1","10/082021","2","114","4.4","12.08.2021","2","GCN_4","32","4","FALSE","3608.42","541263.35","1.3736","1.8062"
"GCN_D21_13C_5","Roey102-GCN2-5_S102","Roey102-GCN2-5_S102_L001_R1_001_noPrimers.fastq.gz ","Glomeris connexa Day 21","Glomeris connexa","08-07-2021","Unlabelled","21","1","10/082021","2","114","4.4","12.08.2021","2","GCN_5","32","5","FALSE","34997.98","5249696.48","1.3735","1.8029"
"GCN_D21_13C_6","Roey110-GCN2-6_S110","Roey110-GCN2-6_S110_L001_R1_001_noPrimers.fastq.gz ","Glomeris connexa Day 21","Glomeris connexa","08-07-2021","Unlabelled","21","1","10/082021","2","114","4.4","12.08.2021","2","GCN_6","32","6","FALSE","83413.47","12512020.31","1.3731","1.7897"
"GCN_D21_13C_7","Roey118-GCN2-7_S118","Roey118-GCN2-7_S118_L001_R1_001_noPrimers.fastq.gz ","Glomeris connexa Day 21","Glomeris connexa","08-07-2021","Unlabelled","21","1","10/082021","2","114","4.4","12.08.2021","2","GCN_7","32","7","FALSE","192421.53","28863229.69","1.3729","1.7831"
"GCN_D21_13C_8","Roey126-GCN2-8_S126","Roey126-GCN2-8_S126_L001_R1_001_noPrimers.fastq.gz ","Glomeris connexa Day 21","Glomeris connexa","08-07-2021","Unlabelled","21","1","10/082021","2","114","4.4","12.08.2021","2","GCN_8","32","8","FALSE","129532.84","19429925.39","1.3726","1.7732"
"GCN_D21_13C_9","Roey134-GCN2-9_S134","Roey134-GCN2-9_S134_L001_R1_001_noPrimers.fastq.gz ","Glomeris connexa Day 21","Glomeris connexa","08-07-2021","Unlabelled","21","1","10/082021","2","114","4.4","12.08.2021","2","GCN_9","32","9","FALSE","32430.07","4864510.55","1.3724","1.7666"
"GCN_D21_13C_10","Roey142-GCN2-10_S142","Roey142-GCN2-10_S142_L001_R1_001_noPrimers.fastq.gz ","Glomeris connexa Day 21","Glomeris connexa","08-07-2021","Unlabelled","21","1","10/082021","2","114","4.4","12.08.2021","2","GCN_10","32","10","FALSE","5546.92","832037.99","1.3722","1.76"
"GCN_D21_13C_11","Roey149-GCN2-11_S149","Roey149-GCN2-11_S149_L001_R1_001_noPrimers.fastq.gz ","Glomeris connexa Day 21","Glomeris connexa","08-07-2021","Unlabelled","21","1","10/082021","2","114","4.4","12.08.2021","2","GCN_11","32","11","FALSE","5039.39","755908.3","1.3718","1.7468"
"Mock-1","Roey150-Mock-1_S150","Roey150-Mock-1_S150_L001_R1_001_noPrimers.fastq.gz ","NA","NA","NA","NA","NA","NA","10/082021","2","NA","NA","12.08.2021","2","MC_D21","NA","NA","FALSE","NA","NA","NA","NA"
"BC-D21","Roey151-B_S151","Roey151-B_S151_L001_R1_001_noPrimers.fastq.gz ","NA","NA","NA","NA","NA","NA","10/082021","2","0","NA","12.08.2021","2","BC_D21","NA","NA","TRUE","NA","NA","NA","NA"
"NTC_D21","Roey152-Mill-NTC-1_S152","Roey152-Mill-NTC-1_S152_L001_R1_001_noPrimers.fastq.gz","NA","NA","NA","NA","NA","NA","10/082021","2","NA","NA","12.08.2021","2","NTC_21","NA","NA","TRUE","NA","NA","NA","NA"
"Labelled-1","Roey025-LL1_S25","Roey025-LL1_S25_L001_R1_001_noPrimers.fastq.gz","Labelled leaf 1","Labelled leaf","NA","Labelled","NA","1","10/082021","2","9.85","NA","12.08.2021","2","LL_1","NA","NA","FALSE","NA","NA","NA","NA"
"Labelled-2","Roey026-LL2_S26","Roey026-LL2_S26_L001_R1_001noPrimers.fastq.gz","Labelled leaf 2","Labelled leaf","NA","Labelled","NA","2","10/082021","2","50.2","NA","12.08.2021","2","LL_2","NA","NA","FALSE","NA","NA","NA","NA"
"Unlabelled-1","Roey027-UL1_S27","Roey027-UL1_S27_L001_R1_001_noPrimers.fastq.gz","Unlabelled leaf 1","Unlabelled leaf","NA","Unlabelled","NA","1","10/082021","2","25.78","NA","12.08.2021","2","UL_1","NA","NA","FALSE","NA","NA","NA","NA"
"Unlabelled-2","Roey028-UL2","Roey028-UL2_S28_L001_R1_001_noPrimers.fastq.gz","Unlabelled leaf 2","Unlabelled leaf","NA","Unlabelled","NA","2","10/082021","2","22.59","NA","12.08.2021","2","UL_2","NA","NA","FALSE","NA","NA","NA","NA"
"BC3-LU","Roey029-BC3_S29","Roey029-BC3_S29_L001_R1_001_noPrimers.fastq.gz","NA","NA","NA","NA","NA","NA","10/082021","2","2","NA","12.08.2021","2","BC1_LU","NA","NA","TRUE","NA","NA","NA","NA"
"BC4-LU","Roey030-BC4_S30","Roey030-BC4_S30_L001_R1_001_noPrimers.fastq.gz","NA","NA","NA","NA","NA","NA","10/082021","2","2","NA","12.08.2021","2","BC2_LU","NA","NA","TRUE","NA","NA","NA","NA"
"NC3-LU","Roey031-NC3_S31","Roey031-NC3_S31_L001_R1_001_noPrimers.fastq.gz","NA","NA","NA","NA","NA","NA","10/082021","2","NA","NA","12.08.2021","2","NC_LU","NA","NA","TRUE","NA","NA","NA","NA"
